Workbook

Sheet 종합
A1: 구분 | ES1: i
C2: 데이터 | I2: 수식 | N2: 데이터 | T2: 수식 | Y2: 데이터 / 수식 | AD2: 수식 | AJ2: 수식 | AU2: 이음 계산 | AV2: 데이터 | BB2: 수식 | BG2: 데이터 | BL2: 수식 | BQ2: 수식 | BR2: 데이터 | BW2: 수식 | BX2: 수식 | BY2: 데이터 | CC2: 수식 | CF2: 데이터 | CI2: 데이터 | CL2: 데이터 | CO2: 수식 | CR2: 고정값 | CU2: 수식 | CX2: 수식 | CY2: 데이터 | DB2: 데이터 | DF2: 데이터 | DI2: 데이터 | DL2: 데이터 | DU2: 데이터 | DX2: 고정값 | EA2: 수식 | ED2: 수식 | EE2: 수식 | EF2: 수식 | EG2: 데이터 | EH2: 데이터 | EJ2: 수식 | EK2: 데이터 | EL2: 데이터 | EO2: 수식 | EP2: 데이터 | EQ2: 데이터 | ES2: 수식 | ET2: 데이터 | EU2: 데이터 | EX2: 수식 | EY2: 수식 | FB2: 수식 | FC2: 수식 | FF2: 수식 | FG2: 수식 | GC2: 데이터 | GD2: 수식 | GG2: 데이터 | GH2: 수식 | GI2: 수식 | GJ2: 데이터 | GK2: 데이터 | GL2: 데이터 | GM2: 데이터 | GN2: 수식 | GO2: 데이터 | GP2: 수식 | GQ2: 수식 | GR2: 데이터 | GS2: 수식 | GT2: 결과
C3: 업데이트 : 연간 단위, 매년 2월 데이터 업데이트 통계청 주택총조사(거처의 종류, 일반, 외국인가구, 전체) 6년 데이터 필요 | I3: 전년대비 일반가구 증감수 5년 데이터 필요 | N3: 업데이트 : 연간 단위, 매년 2월 데이터 업데이트 통계청 인구총조사(가구, 1인가구) 6년 데이터 필요 | T3: 전년대비 1인가구 증감수 5년 데이터 필요 | Y3: 업데이트 : 연간 단위, 매년 2월 데이터 업데이트 통계청 주택총조사(거처의 종류, 일반, 외국인가구, 아파트) 5년 데이터 필요, 아파트/전체(%) | AD3: 일반가구 증가수에 일반아파트 가구증가 비율을 *하여 산출 (동일 년도) 5년치 평균값을 구함 | AJ3: 1인가구 증가수에 일반아파트 가구증가 비율을 *하여 산출 (동일 년도) 5년치 평균값을 구함 | AP3: 소계는 일반아파트가구증가_최근5년평균과 동일 | AU3: 소계의 5개년 평균값 | AV3: 업데이트 : 연간 단위, 매년 2월 데이터 업데이트 통계청 주택총조사(거처의 종류, 일반, 외국인가구, 전체) 6년 데이터 필요 | BB3: 전년대비 외국인가구 증감수 5년 데이터 필요 | BG3: 업데이트 : 연간 단위, 매년 2월 데이터 업데이트 통계청 주택총조사(거처의 종류, 일반, 외국인가구, 아파트) 5년치 데이터 필요, 외국인 아파트/외국인(%) | BL3: 외국인가구 증가수에 외국인아파트 가구 비율을 *하여 산출 (동일 년도) 5년치 평균값을 구함 | BR3: 업데이트 : 연간 단위, 매년 2월에 데이터 업데이트 REPS의 시도 단위 멸실 아파트 데이터 활용 5년치 데이터 필요 | BW3: 멸실 5년 평균 | BX3: 일반아파트 가구증가 5년 평균 + 외국인아파트 가구증가 5년 평균 + 시군구 멸실 아파트 5년 평균 | BY3: 업데이트 : 연간 단위, 매년 2월에 데이터 업데이트 통계청 주택소유통계(다주택자) 4년 데이터 필요 | CC3: 전년대비 다주택자 증감수 3년 데이터 필요 | CF3: 업데이트 : 연간 단위, 매년 2월에 데이터 업데이트 REPS 거래량통계(시군구내/전체) 3년 데이터 필요 | CI3: 업데이트 : 분기 단위(1년4회) EX)25.2월 = 24.1Q ~ 24.4Q 데이터 EX)25.5월 = 24.2Q ~ 25.1Q 데이터 REPS 단위당가격(평당가) | CL3: 업데이트 : 분기 단위(1년4회) EX)25.2월 = 24.1Q ~ 24.4Q 데이터 EX)25.5월 = 24.2Q ~ 25.1Q 데이터 REPS 분양가(평당가) | CO3: 매매평균실거래/평균분양가(%) | CR3: 3년 가중치 고정 20% / 30% / 50% | CU3: 다주택자증가*내지인거래비율* 가격보정(실거래/분양가)*3년 가중치 각 년도의 값에 맞게 계산 | CX3: 내부투자수요 3년치 평균 | CY3: 업데이트 : 연간 단위, 매년 2월에 데이터 업데이트 REPS 미분양통계 3년 데이터 필요 | DB3: 업데이트 : 연간 단위, 매년 2월에 데이터 업데이트 REPS 미분양통계 4년 데이터 필요 | DF3: 업데이트 : 연간 단위, EX)2024년 분양물량+2023년 미분양물량 | DI3: 업데이트 : 연간 단위, 2024(분양물량+전년미분양) - 2024미분양물량 | DL3: 내부투자수요와 동일한 기준 | DU3: 업데이트 : 연간 단위, 매년 2월에 데이터 업데이트 REPS 미분양통계 4년 데이터 필요 | DX3: 3년 가중치 고정값 20% / 30% / 50% | EA3: 소화물량*외지인거래비율* 가격보정(실거래/분양가)*3년 가중치 각 년도의 값에 맞게 계산 | ED3: 외부투자수요 3년치 평균 | EE3: 내부투자수요3년치 평균+외부투자수요3년치 평균 | EF3: 자연발생수요(BX) + 투자수요(EE) | EG3: 업데이트 : 연간 단위 매년 2월에 데이터 업데이트 REPS 실거래 단위당가격 | EH3: 투자수요의 직전분양가 활용 | EJ3: 직전분양가의 55% EI*0.55 | EK3: 업데이트 : 분기 단위(1년4회) 각 지역별 평균분양가의 55%가 넘는 세대의 총합 전용 110이하, 매매가 | EL3: 소득분위 계산값 활용 FZ | EM3: 고정값 | EN3: 고정값 | EO3: 기준가격이상세대수(EK) * 소득분위(EL) * 자가거주비율(EM) * 이사계획(EN) | EP3: =EG | EQ3: 투자수요의 직전분양가 활용 | ES3: 직전분양가의 55% ER*0.55 | ET3: 업데이트 : 분기 단위(1년4회) 각 지역별 평균분양가의 55%가 넘는 세대의 총합 전용 110이하, 전세가 | EU3: 소득분위 계산값 활용 FZ | EV3: 고정값 | EW3: 고정값 | EX3: 기준가격이상세대수(ET) * 소득분위(EU) * 자가거주비율(EV) * 이사계획(EW) | EY3: 주택총조사 주택의 종류 데이터로 작업 | FB3: (EZ+FA) /EY | FC3: (EO+EX) *FB | FD3: 고정값 | FE3: 고정값 | FF3: FC*FD *FE | FG3: EO+EX +FF | FH3: 데이터솔루션UNIT에서 작업 후 전달 1년 1회 업데이트, 매년 2월 | GA3: 고정값 | GB3: 고정값 | GC3: 소득분위 계산값 활용 FZ | GD3: GA*GB *GC | GE3: 고정값 | GF3: 고정값 | GG3: 소득분위 계산값 활용 FZ | GH3: GE*GF *GG | GI3: GD+GH | GJ3: =CX | GK3: =ED | GL3: 업데이트 : 연간 단위, 매년 2월 데이터 업데이트 통계청 주택총조사(주택의종류) 아파트+연립+다세대주택 | GM3: 전년도 미분양 데이터 | GN3: GM/GL | GO3: 미분양관리지역활용 분기별 업데이트 | GP3: (GJ+GK) /GO | GQ3: FG+GI+GP | GR3: 당해년 포함 최근 3개년 물량 합/3 (예정물량 포함) | GS3: 공급물량GR/ 유효수요GQ | GT3: 수급 등급 결과값
CL7: 분양가가 3개년 없는 경우 모두 0 처리 분양가가 3개년 모두 있는 경우 그대로 활용 분양가가 1or2개년 있는 경우 *5%로 분양가 생성 ex)1,312/0/0일경우 1,312/1,312*1.05/(1,312*1.05)*1.05
C11: 수요
C12: 자연발생수요(a) | BY12: 투자수요 | EF12: 신규수요 | EG12: 유효수요 | GQ12: 유효수요 | GR12: 공급물량(예정포함) | GS12: 공급물량 대비 유효수요 (공급물량/유효수요) | GT12: 수급 등급 공급물량/APT유효수요 S등급 : 50% 이하 A등급 : 50%초과 100%이하 B등급 : 100%초과 150%이하 C등급 : 150%초과 | GV12: 등급 기준
A13: 권역 | B13: 지역 | C13: 일반가구아파트수요 | AV13: 외국인가구아파트수요 | BX13: 자연발생수요(계) | BY13: 내부투자수요 | CY13: 외부투자수요 | EE13: 투자수요 소계 | EG13: 자가가구아파트이주수요 | EP13: 임차가구아파트 이주수요 | EY13: 비아파트이주수요 | FG13: 이주수요 계 | FH13: 소득분위 계산 | GA13: 1인&외국인가구 증가, 유효수요 | GE13: 1인 外&멸실가구 증가, 유효수요 | GI13: 가구증가 수요 계 | GJ13: 투자수요 | GL13: 미분양 수준 보정 | GP13: 투자수요 계
A14: 권역 | B14: 지역 | C14: 일반가구수(통계청 주택총조사_일반,외국인가구) | I14: 일반가구증가(1인가구 外 전년대비 증감수) | N14: 1인가구수(인구총조사_1인가구) | T14: 1인가구증가 | Y14: 일반가구아파트비율 | AD14: 일반아파트가구증가(1인가구 外_최근5년평균 | AJ14: 1인아파트가구증가_최근5년평균 | AP14: 소계(a) | AU14: 결과_최근5개년소계평균 | AV14: 외국인가구수(주택총조사_일반,외국인가구) | BB14: 외국인가구증가 | BG14: 외국인가구아파트비율 | BL14: 외국인아파트가구증가 | BQ14: 외국인아파트가구증가_최근5개년평균(b) | BR14: 시도 멸실 아파트 | BW14: 시군구별멸실아파트 5년 평균© | BX14: a+b+c | BY14: 다주택자 | CC14: 다주택자증가(전년대비) | CF14: 내지인거래비율 | CI14: 매매평균실거래 | CL14: 평균분양가 | CO14: 가격보정(실거래/분양가) | CR14: 3년 가중치 | CU14: 투자수요(내부) 소계_a | CX14: 평균(결과) | CY14: 분양물량 | DB14: 연말 기준 미분양물량 | DF14: 분양물량+전년미분양 | DI14: 소화물량 | DL14: 매매평균실거래 | DO14: 평균분양가 | DR14: 가격보정(실거래/분양가) | DU14: 외지인거래비율 | DX14: 3년 가중치 | EA14: 투자수요(외부) 소계_b | ED14: 평균(결과) | EE14: a+b | EF14: 자연발생수요+투자수요 | EG14: 직전년 평균평단가 | EH14: 직전년 평균분양가 | EJ14: 직전년 평균분양가의 55% | EK14: 기준가격 이상 apt 세대수(매매가) | EL14: 소득분위 | EM14: 자가거주비율 | EN14: 이사계획 有 | EO14: 자가가구 apt 이주 수요 | EP14: 직전년 평균평단가 | EQ14: 직전년 평균분양가 | ES14: 직전년 평균분양가의 55% | ET14: 기준가격 이상 apt 세대수(전세가) | EU14: 소득분위 | EV14: 임차비율 | EW14: 이사계획 有 | EX14: 임차가구apt 이주 수요 | EY14: 아파트 가구 비율 | EZ14: 단독 가구 비율 | FA14: 연립다세대 가구 비율 | FB14: (단독+다세대/아파트)가구 비율 | FC14: 모수 보정 | FD14: 이사계획 보정 | FE14: 가격 보정 | FF14: 비apt 이주 수요 | FG14: 계 | FH14: 금리 | FI14: 상환기간(년) | FJ14: LTV | FK14: DTI | FL14: 평균 분양가(34평 기준, 직전년 평균 분양가*34) | FM14: 대출 수준 | FN14: 월상환금액(만원) | FO14: 연소득금액(만원) | FP14: 1500~2000만원미만 | FQ14: 2000~2500만원미만 | FR14: 2500~3000만원미만 | FS14: 3000~4000만원미만 | FT14: 4000~5000만원미만 | FU14: 5000~6000만원미만 | FV14: 6000~7000만원미만 | FW14: 7000만원~1억미만 | FX14: 1억이상 | FY14: 계 | FZ14: 소득 분위 | GA14: 1인&외국인가구 증가분 | GB14: 자가점유율 | GC14: 소득분위 | GD14: 결과 | GE14: 1인 外&멸실가구 증가분 | GF14: 자가점유율 | GG14: 소득분위 | GH14: 결과 | GI14: 계 | GJ14: 투자수요내부 | GK14: 투자수요외부 | GL14: 지역 제고 아파트수(아파트+연립+다세대) | GM14: 미분양 | GN14: 미분양 수준 | GO14: 결과 | GP14: 결과 | GQ14: 유효수요 계 (이전수요+가구증가수요+투자수요)
A15: 시점 | C15: 2018 | D15: 2019 | E15: 2020 | F15: 2021 | G15: 2022 | H15: 2023 | I15: 2019 | J15: 2020 | K15: 2021 | L15: 2022 | M15: 2023 | N15: 2018 | O15: 2019 | P15: 2020 | Q15: 2021 | R15: 2022 | S15: 2023 | T15: 2019 | U15: 2020 | V15: 2021 | W15: 2022 | X15: 2023 | Y15: 2019 | Z15: 2020 | AA15: 2021 | AB15: 2022 | AC15: 2023 | AD15: 2019 | AE15: 2020 | AF15: 2021 | AG15: 2022 | AH15: 2023 | AI15: 평균 | AJ15: 2019 | AK15: 2020 | AL15: 2021 | AM15: 2022 | AN15: 2023 | AO15: 평균 | AP15: 2019 | AQ15: 2020 | AR15: 2021 | AS15: 2022 | AT15: 2023 | AV15: 2018 | AW15: 2019 | AX15: 2020 | AY15: 2021 | AZ15: 2022 | BA15: 2023 | BB15: 2019 | BC15: 2020 | BD15: 2021 | BE15: 2022 | BF15: 2023 | BG15: 2019 | BH15: 2020 | BI15: 2021 | BJ15: 2022 | BK15: 2023 | BL15: 2019 | BM15: 2020 | BN15: 2021 | BO15: 2022 | BP15: 2023 | BR15: 2020 | BS15: 2021 | BT15: 2022 | BU15: 2023 | BV15: 2024 | BY15: 2020 | BZ15: 2021 | CA15: 2022 | CB15: 2023 | CC15: 2021 | CD15: 2022 | CE15: 2023 | CF15: 2022 | CG15: 2023 | CH15: 2024 | CI15: 2022 | CJ15: 2023 | CK15: 2024 | CL15: 2022 | CM15: 2023 | CN15: 2024 | CO15: 2022 | CP15: 2023 | CQ15: 2024 | CR15: 2022 | CS15: 2023 | CT15: 2024 | CU15: 2022 | CV15: 2023 | CW15: 2024 | CY15: 2022 | CZ15: 2023 | DA15: 2024 | DB15: 2021 | DC15: 2022 | DD15: 2023 | DE15: 2024 | DF15: 2022 | DG15: 2023 | DH15: 2024 | DI15: 2022 | DJ15: 2023 | DK15: 2024 | DL15: 2022 | DM15: 2023 | DN15: 2024 | DO15: 2022 | DP15: 2023 | DQ15: 2024 | DR15: 2022 | DS15: 2023 | DT15: 2024 | DU15: 2022 | DV15: 2023 | DW15: 2024 | DX15: 2022 | DY15: 2023 | DZ15: 2024 | EA15: 2022 | EB15: 2023 | EC15: 2024 | ED15: 평균(결과) | EE15: 계 | EF15: 계 | EG15: 2024 | EH15: 2024 | EI15: 2024 | EJ15: 2024 | EK15: 2025 | EP15: 2024 | EQ15: 2024 | ER15: 2024 | ES15: 2024 | ET15: 2025 | GR15: 2023~25
A16: 강원도 | B16: 강원도 | C16: ='주택총조사(거처의종류, 일반,외국인가구, 전체)'!H3 -> 628484 | D16: ='주택총조사(거처의종류, 일반,외국인가구, 전체)'!K3 -> 633942 | E16: ='주택총조사(거처의종류, 일반,외국인가구, 전체)'!N3 -> 661039 | F16: ='주택총조사(거처의종류, 일반,외국인가구, 전체)'!Q3 -> 674728 | G16: ='주택총조사(거처의종류, 일반,외국인가구, 전체)'!T3 -> 684895 | H16: ='주택총조사(거처의종류, 일반,외국인가구, 전체)'!W3 -> 698410 | I16: =D16-C16-T16 -> 2896 | J16: =E16-D16-U16 -> 4583 | K16: =F16-E16-V16 -> 48 | L16: =G16-F16-W16 -> 738 | M16: =H16-G16-X16 -> -3141 | N16: ='인구총조사(가구, 1인가구)'!D3 -> 206295 | O16: ='인구총조사(가구, 1인가구)'!E3 -> 208857 | P16: ='인구총조사(가구, 1인가구)'!F3 -> 231371 | Q16: ='인구총조사(가구, 1인가구)'!G3 -> 245012 | R16: ='인구총조사(가구, 1인가구)'!H3 -> 254441 | S16: ='인구총조사(가구, 1인가구)'!I3 -> 271097 | T16: =O16-N16 -> 2562 | U16: =P16-O16 -> 22514 | V16: =Q16-P16 -> 13641 | W16: =R16-Q16 -> 9429 | X16: =S16-R16 -> 16656 | Y16: ='주택총조사(거처의종류, 일반,외국인가구, 아파트)'!K3/'주택총조사(거처의종류, 일반,외국인가구, 전체)'!K3 -> 0.46242243 | Z16: ='주택총조사(거처의종류, 일반,외국인가구, 아파트)'!N3/'주택총조사(거처의종류, 일반,외국인가구, 전체)'!N3 -> 0.46664418 | AA16: ='주택총조사(거처의종류, 일반,외국인가구, 아파트)'!Q3/'주택총조사(거처의종류, 일반,외국인가구, 전체)'!Q3 -> 0.47587324 | AB16: ='주택총조사(거처의종류, 일반,외국인가구, 아파트)'!T3/'주택총조사(거처의종류, 일반,외국인가구, 전체)'!T3 -> 0.48313099 | AC16: ='주택총조사(거처의종류, 일반,외국인가구, 아파트)'!W3/'주택총조사(거처의종류, 일반,외국인가구, 전체)'!W3 -> 0.48151229 | AD16: =I16*Y16 -> 1339.1754 | AE16: =J16*Z16 -> 2138.6303 | AF16: =K16*AA16 -> 22.841916 | AG16: =L16*AB16 -> 356.55067 | AH16: =M16*AC16 -> -1512.4301 | AI16: =AVERAGE(AD16:AH16) -> 468.95362 | AJ16: =T16*Y16 -> 1184.7263 | AK16: =U16*Z16 -> 10506.027 | AL16: =V16*AA16 -> 6491.3869 | AM16: =W16*AB16 -> 4555.4421 | AN16: =X16*AC16 -> 8020.0687 | AO16: =AVERAGE(AJ16:AN16) -> 6151.5302 | AP16: =AD16+AJ16 -> 2523.9016 | AQ16: =AE16+AK16 -> 12644.657 | AR16: =AF16+AL16 -> 6514.2288 | AS16: =AG16+AM16 -> 4911.9928 | AT16: =AH16+AN16 -> 6507.6386 | AU16: =AVERAGE(AP16:AT16) -> 6620.4838 | AV16: ='주택총조사(거처의종류, 일반,외국인가구, 전체)'!I3 -> 5692 | AW16: ='주택총조사(거처의종류, 일반,외국인가구, 전체)'!L3 -> 6442 | AX16: ='주택총조사(거처의종류, 일반,외국인가구, 전체)'!O3 -> 6845 | AY16: ='주택총조사(거처의종류, 일반,외국인가구, 전체)'!R3 -> 7242 | AZ16: ='주택총조사(거처의종류, 일반,외국인가구, 전체)'!U3 -> 8010 | BA16: ='주택총조사(거처의종류, 일반,외국인가구, 전체)'!X3 -> 9831 | BB16: =AW16-AV16 -> 750 | BC16: =AX16-AW16 -> 403 | BD16: =AY16-AX16 -> 397 | BE16: =AZ16-AY16 -> 768 | BF16: =BA16-AZ16 -> 1821 | BG16: ='주택총조사(거처의종류, 일반,외국인가구, 아파트)'!L3/'주택총조사(거처의종류, 일반,외국인가구, 전체)'!L3 -> 0.16299286 | BH16: ='주택총조사(거처의종류, 일반,외국인가구, 아파트)'!O3/'주택총조사(거처의종류, 일반,외국인가구, 전체)'!O3 -> 0.17005113 | BI16: ='주택총조사(거처의종류, 일반,외국인가구, 아파트)'!R3/'주택총조사(거처의종류, 일반,외국인가구, 전체)'!R3 -> 0.16238608 | BJ16: ='주택총조사(거처의종류, 일반,외국인가구, 아파트)'!U3/'주택총조사(거처의종류, 일반,외국인가구, 전체)'!U3 -> 0.16541823 | BK16: ='주택총조사(거처의종류, 일반,외국인가구, 아파트)'!X3/'주택총조사(거처의종류, 일반,외국인가구, 전체)'!X3 -> 0.14657715 | BL16: =BB16*BG16 -> 122.24464 | BM16: =BC16*BH16 -> 68.530606 | BN16: =BD16*BI16 -> 64.467274 | BO16: =BE16*BJ16 -> 127.0412 | BP16: =BF16*BK16 -> 266.917 | BQ16: =AVERAGE(BL16:BP16) -> 129.84014 | BR16: =REPS멸실!E2 -> 0 | BS16: =REPS멸실!F2 -> 0 | BT16: =REPS멸실!G2 -> 0 | BU16: =REPS멸실!H2 -> 0 | BV16: =REPS멸실!I2 -> 42 | BW16: =AVERAGE(BR16:BV16) -> 8.4 | BX16: =SUM(AU16,BQ16,BW16) -> 6758.724 | BY16: =SUM('주택소유통계(다주택자)'!Q3:R3) -> 78461 | BZ16: =SUM('주택소유통계(다주택자)'!U3:V3) -> 78262 | CA16: =SUM('주택소유통계(다주택자)'!Y3:Z3) -> 80478 | CB16: =SUM('주택소유통계(다주택자)'!AC3:AD3) -> 84018 | CC16: =BZ16-BY16 -> -199 | CD16: =CA16-BZ16 -> 2216 | CE16: =CB16-CA16 -> 3540 | CF16: ='REPS거래량(외지인)'!D3/'REPS거래량(외지인)'!C3 -> 0.52451816 | CG16: ='REPS거래량(외지인)'!I3/'REPS거래량(외지인)'!H3 -> 0.58317333 | CH16: ='REPS거래량(외지인)'!N3/'REPS거래량(외지인)'!M3 -> 0.70846301 | CI16: =REPS단위당실거래!G2 -> 748.8 | CJ16: =REPS단위당실거래!H2 -> 749.4 | CK16: =REPS단위당실거래!I2 -> 755.1 | CL16: 1312 | CM16: 1546 | CN16: 1377 | CO16: =CI16/CL16 -> 0.57073171 | CP16: =CJ16/CM16 -> 0.4847348 | CQ16: =CK16/CN16 -> 0.54836601 | CR16: 0.2 | CS16: 0.3 | CT16: 0.5 | CU16: =CC16*CF16*CO16*CR16 -> -11.914494 | CV16: =CD16*CG16*CP16*CS16 -> 187.92859 | CW16: =CE16*CH16*CQ16*CT16 -> 687.63976 | CX16: =AVERAGE(CU16:CW16) -> 287.88462 | CY16: =REPS분양물량!H2 -> 10209 | CZ16: =REPS분양물량!I2 -> 8522 | DA16: =REPS분양물량!J2 -> 2278 | DB16: =REPS미분양!F2 -> 1648 | DC16: =REPS미분양!G2 -> 2648 | DD16: =REPS미분양!H2 -> 4001 | DE16: =REPS미분양!I2 -> 4408 | DF16: =SUM(CY16,DB16) -> 11857 | DG16: =SUM(CZ16,DC16) -> 11170 | DH16: =SUM(DA16,DD16) -> 6279 | DI16: =DF16-DC16 -> 9209 | DJ16: =DG16-DD16 -> 7169 | DK16: =DH16-DE16 -> 1871 | DL16: 748.8 | DM16: 749.4 | DN16: 755.1 | DO16: ='REPS분양가(분기단위)'!D2 -> 1312 | DP16: ='REPS분양가(분기단위)'!E2 -> 1546 | DQ16: ='REPS분양가(분기단위)'!F2 -> 1377 | DR16: =DL16/DO16 -> 0.57073171 | DS16: =DM16/DP16 -> 0.4847348 | DT16: =DN16/DQ16 -> 0.54836601 | DU16: =100%-종합!CF16 -> 0.47548184 | DV16: =100%-종합!CG16 -> 0.41682667 | DW16: =100%-종합!CH16 -> 0.29153699 | DX16: 0.2 | DY16: 0.3 | DZ16: 0.5 | EA16: =DI16*DR16*DU16*DX16 -> 499.81399 | EB16: =DJ16*DS16*DV16*DY16 -> 434.54978 | EC16: =DK16*DT16*DW16*DZ16 -> 149.55743 | ED16: =AVERAGE(EA16:EC16) -> 361.30706 | EE16: =CX16+ED16 -> 649.19168 | EF16: =BX16+EE16 -> 7407.9156 | EG16: =REPS단위당실거래!I2 -> 755.1 | EH16: =DQ16 -> 1377 | EI16: =ROUND(EH16*34,-2) -> 46800 | EJ16: =EI16*0.55 -> 25740 | EK16: 101227 | EL16: =FZ16 -> 0.67572783 | EM16: 0.74 | EN16: 0.05 | EO16: =EK16*EL16*EM16*EN16 -> 2530.8703 | EP16: =REPS단위당실거래!I2 -> 755.1 | EQ16: =DQ16 -> 1377 | ER16: =ROUND(EQ16*34,-2) -> 46800 | ES16: =ER16*0.55 -> 25740 | ET16: 40896 | EU16: =FZ16 -> 0.67572783 | EV16: 0.26 | EW16: 0.2 | EX16: =ET16*EU16*EV16*EW16 -> 1436.9974 | EY16: ='주택총조사(주택의종류)'!AZ3 -> 0.55656803 | EZ16: ='주택총조사(주택의종류)'!AS3 -> 0.37228418 | FA16: ='주택총조사(주택의종류)'!BG3 -> 0.053263771 | FB16: =SUM(EZ16:FA16)/EY16 -> 0.76459288 | FC16: =SUM(EO16,EX16)*FB16 -> 3033.8034 | FD16: 0.4 | FE16: 0.6 | FF16: =FC16*FD16*FE16 -> 728.11281 | FG16: =SUM(EO16,EX16,FF16) -> 4695.9805 | FH16: 0.0394 | FI16: 30 | FJ16: 0.6 | FK16: 0.4 | FL16: =ROUND(EH16*34,-3) -> 47000 | FM16: =ROUND(EH16*34*FJ16,-2) -> 28100 | FN16: =PMT(FH16/12,FI16*12,FM16) -> -133.18352 | FO16: =-ROUND(FN16/FK16,-1)*12 -> 3960 | FP16: 1371 | FQ16: 4323 | FR16: 37385 | FS16: 56409 | FT16: 32707 | FU16: 29152 | FV16: 27787 | FW16: 62951 | FX16: 54719 | FY16: =SUM(FP16:FX16) -> 306804 | FZ16: =(SUM(FT16:FX16)/FY16) -> 0.67572783 | GA16: =SUM(AO16,BQ16) -> 6281.3703 | GB16: 0.3 | GC16: =FZ16 -> 0.67572783 | GD16: =GA16*GB16*GC16 -> 1273.349 | GE16: =SUM(AI16,BW16) -> 477.35362 | GF16: 0.7 | GG16: =FZ16 -> 0.67572783 | GH16: =GE16*GF16*GG16 -> 225.79279 | GI16: =GD16+GH16 -> 1499.1418 | GJ16: =CX16 -> 287.88462 | GK16: =ED16 -> 361.30706 | GL16: =SUM('주택총조사(주택의종류)'!AD3:AF3) -> 414188 | GM16: =REPS미분양!I2 -> 4408 | GN16: =GM16/GL16 -> 0.01064251 | GO16: =LOOKUP(GN16,$GW$25:$GX$28) -> 0.6 | GP16: =SUM(GJ16:GK16)*GO16 -> 389.51501 | GQ16: =SUM(FG16,GI16,GP16) -> 6584.6373 | GR16: =SUM('REPS분양물량+계획'!G2:I2)/3 -> 5499 | GS16: =GR16/GQ16 -> 0.83512572 | GT16: =LOOKUP(GS16,$GW$16:$GX$20) -> A등급 | GV16: 50%이하 | GW16: 0 | GX16: S등급
A17: 강원도 | B17: 강릉시 | C17: 92093 | D17: 98032 | E17: 99105 | F17: 97663 | G17: 98918 | H17: 98987 | I17: =D17-C17-T17 -> 423 | J17: =E17-D17-U17 -> 127 | K17: =F17-E17-V17 -> -346 | L17: =G17-F17-W17 -> -609 | M17: =H17-G17-X17 -> -378 | N17: 32119 | O17: 37635 | P17: 38581 | Q17: 37485 | R17: 39349 | S17: 39796 | T17: =O17-N17 -> 5516 | U17: =P17-O17 -> 946 | V17: =Q17-P17 -> -1096 | W17: =R17-Q17 -> 1864 | X17: =S17-R17 -> 447 | Y17: 0.46 | Z17: 0.47 | AA17: 0.49 | AB17: 0.49 | AC17: 0.5 | AD17: =I17*Y17 -> 194.58 | AE17: =J17*Z17 -> 59.69 | AF17: =K17*AA17 -> -169.54 | AG17: =L17*AB17 -> -298.41 | AH17: =M17*AC17 -> -189 | AI17: =AVERAGE(AD17:AH17) -> -80.536 | AJ17: =T17*Y17 -> 2537.36 | AK17: =U17*Z17 -> 444.62 | AL17: =V17*AA17 -> -537.04 | AM17: =W17*AB17 -> 913.36 | AN17: =X17*AC17 -> 223.5 | AO17: =AVERAGE(AJ17:AN17) -> 716.36 | AP17: =AD17+AJ17 -> 2731.94 | AQ17: =AE17+AK17 -> 504.31 | AR17: =AF17+AL17 -> -706.58 | AS17: =AG17+AM17 -> 614.95 | AT17: =AH17+AN17 -> 34.5 | AU17: =AVERAGE(AP17:AT17) -> 635.824 | AV17: 880 | AW17: 994 | AX17: 1120 | AY17: 1222 | AZ17: 1552 | BA17: 1818 | BB17: =AW17-AV17 -> 114 | BC17: =AX17-AW17 -> 126 | BD17: =AY17-AX17 -> 102 | BE17: =AZ17-AY17 -> 330 | BF17: =BA17-AZ17 -> 266 | BG17: 0.13 | BH17: 0.12 | BI17: 0.12 | BJ17: 0.1 | BK17: 0.09 | BL17: =BB17*BG17 -> 14.82 | BM17: =BC17*BH17 -> 15.12 | BN17: =BD17*BI17 -> 12.24 | BO17: =BE17*BJ17 -> 33 | BP17: =BF17*BK17 -> 23.94 | BQ17: =AVERAGE(BL17:BP17) -> 19.824 | BR17: 0 | BS17: 0 | BT17: 0 | BU17: 0 | BV17: 0 | BW17: =AVERAGE(BR17:BV17) -> 0 | BX17: =SUM(AU17,BQ17,BW17) -> 655.648 | BY17: =SUM('주택소유통계(다주택자)'!Q3:R3) -> 78461 | BZ17: =SUM('주택소유통계(다주택자)'!U3:V3) -> 78262 | CA17: =SUM('주택소유통계(다주택자)'!Y3:Z3) -> 80478 | CB17: =SUM('주택소유통계(다주택자)'!AC3:AD3) -> 84018 | CC17: =BZ17-BY17 -> -199 | CD17: =CA17-BZ17 -> 2216 | CE17: =CB17-CA17 -> 3540 | CF17: ='REPS거래량(외지인)'!D3/'REPS거래량(외지인)'!C3 -> 0.52451816 | CG17: ='REPS거래량(외지인)'!I3/'REPS거래량(외지인)'!H3 -> 0.58317333 | CH17: ='REPS거래량(외지인)'!N3/'REPS거래량(외지인)'!M3 -> 0.70846301 | CI17: =REPS단위당실거래!G2 -> 748.8 | CJ17: =REPS단위당실거래!H2 -> 749.4 | CK17: =REPS단위당실거래!I2 -> 755.1 | CL17: 1461 | CM17: 1671 | CN17: 1498 | CO17: =CI17/CL17 -> 0.51252567 | CP17: =CJ17/CM17 -> 0.44847397 | CQ17: =CK17/CN17 -> 0.5040721 | CR17: 0.2 | CS17: 0.3 | CT17: 0.5 | CU17: =CC17*CF17*CO17*CR17 -> -10.699395 | CV17: =CD17*CG17*CP17*CS17 -> 173.8705 | CW17: =CE17*CH17*CQ17*CT17 -> 632.09609 | CX17: =AVERAGE(CU17:CW17) -> 265.08907 | CY17: =REPS분양물량!H2 -> 10209 | CZ17: =REPS분양물량!I2 -> 8522 | DA17: =REPS분양물량!J2 -> 2278 | DB17: =REPS미분양!F2 -> 1648 | DC17: =REPS미분양!G2 -> 2648 | DD17: =REPS미분양!H2 -> 4001 | DE17: =REPS미분양!I2 -> 4408 | DF17: =SUM(CY17,DB17) -> 11857 | DG17: =SUM(CZ17,DC17) -> 11170 | DH17: =SUM(DA17,DD17) -> 6279 | DI17: =DF17-DC17 -> 9209 | DJ17: =DG17-DD17 -> 7169 | DK17: =DH17-DE17 -> 1871 | DL17: 908.3 | DM17: 845.7 | DN17: 809.4 | DO17: ='REPS분양가(분기단위)'!D2 -> 1312 | DP17: ='REPS분양가(분기단위)'!E2 -> 1546 | DQ17: ='REPS분양가(분기단위)'!F2 -> 1377 | DR17: =DL17/DO17 -> 0.69230183 | DS17: =DM17/DP17 -> 0.54702458 | DT17: =DN17/DQ17 -> 0.58779956 | DU17: =100%-종합!CF17 -> 0.47548184 | DV17: =100%-종합!CG17 -> 0.41682667 | DW17: =100%-종합!CH17 -> 0.29153699 | DX17: 0.2 | DY17: 0.3 | DZ17: 0.5 | EA17: =DI17*DR17*DU17*DX17 -> 606.2781 | EB17: =DJ17*DS17*DV17*DY17 -> 490.39064 | EC17: =DK17*DT17*DW17*DZ17 -> 160.31225 | ED17: =AVERAGE(EA17:EC17) -> 418.99367 | EE17: =CX17+ED17 -> 684.08273 | EF17: =BX17+EE17 -> 1339.7307 | EG17: =REPS단위당실거래!I2 -> 755.1 | EH17: =DQ17 -> 1377 | EI17: =ROUND(EH17*34,-2) -> 46800 | EJ17: =EI17*0.55 -> 25740 | EK17: 13085 | EL17: =FZ17 -> 0.63743408 | EM17: 0.74 | EN17: 0.05 | EO17: =EK17*EL17*EM17*EN17 -> 308.61052 | EP17: =REPS단위당실거래!I2 -> 755.1 | EQ17: =DQ17 -> 1377 | ER17: =ROUND(EQ17*34,-2) -> 46800 | ES17: =ER17*0.55 -> 25740 | ET17: 4067 | EU17: =FZ17 -> 0.63743408 | EV17: 0.26 | EW17: 0.2 | EX17: =ET17*EU17*EV17*EW17 -> 134.80711 | EY17: ='주택총조사(주택의종류)'!AZ3 -> 0.55656803 | EZ17: ='주택총조사(주택의종류)'!AS3 -> 0.37228418 | FA17: ='주택총조사(주택의종류)'!BG3 -> 0.053263771 | FB17: =SUM(EZ17:FA17)/EY17 -> 0.76459288 | FC17: =SUM(EO17,EX17)*FB17 -> 339.03396 | FD17: 0.4 | FE17: 0.6 | FF17: =FC17*FD17*FE17 -> 81.36815 | FG17: =SUM(EO17,EX17,FF17) -> 524.78578 | FH17: 0.0394 | FI17: 30 | FJ17: 0.6 | FK17: 0.4 | FL17: =ROUND(EH17*34,-3) -> 47000 | FM17: =ROUND(EH17*34*FJ17,-2) -> 28100 | FN17: =PMT(FH17/12,FI17*12,FM17) -> -133.18352 | FO17: =-ROUND(FN17/FK17,-1)*12 -> 3960 | FP17: 177 | FQ17: 613 | FR17: 5794 | FS17: 8076 | FT17: 4526 | FU17: 4158 | FV17: 4055 | FW17: 8923 | FX17: 7857 | FY17: =SUM(FP17:FX17) -> 44179 | FZ17: =(SUM(FU17:FX17)/FY17)+(FT17/FY17)*0.7 -> 0.63743408 | GA17: =SUM(AO17,BQ17) -> 736.184 | GB17: 0.3 | GC17: =FZ17 -> 0.63743408 | GD17: =GA17*GB17*GC17 -> 140.78063 | GE17: =SUM(AI17,BW17) -> -80.536 | GF17: 0.7 | GG17: =FZ17 -> 0.63743408 | GH17: =GE17*GF17*GG17 -> -35.935473 | GI17: =GD17+GH17 -> 104.84516 | GJ17: =CX17 -> 265.08907 | GK17: =ED17 -> 418.99367 | GL17: =SUM('주택총조사(주택의종류)'!AD3:AF3) -> 414188 | GM17: =REPS미분양!I2 -> 4408 | GN17: =GM17/GL17 -> 0.01064251 | GO17: =LOOKUP(GN17,$GW$25:$GX$28) -> 0.6 | GP17: =SUM(GJ17:GK17)*GO17 -> 410.44964 | GQ17: =SUM(FG17,GI17,GP17) -> 1040.0806 | GR17: =SUM('REPS분양물량+계획'!G2:I2)/3 -> 5499 | GS17: =GR17/GQ17 -> 5.2870904 | GT17: =LOOKUP(GS17,$GW$16:$GX$20) -> C등급 | GV17: 50%초과~100%이하 | GW17: 0.501 | GX17: A등급
A18: 강원도 | B18: 강릉시 | C18: ='주택총조사(거처의종류, 일반,외국인가구, 전체)'!H4 -> 90664 | D18: ='주택총조사(거처의종류, 일반,외국인가구, 전체)'!K4 -> 92093 | E18: ='주택총조사(거처의종류, 일반,외국인가구, 전체)'!N4 -> 98032 | F18: ='주택총조사(거처의종류, 일반,외국인가구, 전체)'!Q4 -> 99105 | G18: ='주택총조사(거처의종류, 일반,외국인가구, 전체)'!T4 -> 97663 | H18: ='주택총조사(거처의종류, 일반,외국인가구, 전체)'!W4 -> 98918 | I18: =D18-C18-T18 -> 572 | J18: =E18-D18-U18 -> 423 | K18: =F18-E18-V18 -> 127 | L18: =G18-F18-W18 -> -346 | M18: =H18-G18-X18 -> -609 | N18: ='인구총조사(가구, 1인가구)'!D4 -> 31262 | O18: ='인구총조사(가구, 1인가구)'!E4 -> 32119 | P18: ='인구총조사(가구, 1인가구)'!F4 -> 37635 | Q18: ='인구총조사(가구, 1인가구)'!G4 -> 38581 | R18: ='인구총조사(가구, 1인가구)'!H4 -> 37485 | S18: ='인구총조사(가구, 1인가구)'!I4 -> 39349 | T18: =O18-N18 -> 857 | U18: =P18-O18 -> 5516 | V18: =Q18-P18 -> 946 | W18: =R18-Q18 -> -1096 | X18: =S18-R18 -> 1864 | Y18: ='주택총조사(거처의종류, 일반,외국인가구, 아파트)'!K4/'주택총조사(거처의종류, 일반,외국인가구, 전체)'!K4 -> 0.4757582 | Z18: ='주택총조사(거처의종류, 일반,외국인가구, 아파트)'!N4/'주택총조사(거처의종류, 일반,외국인가구, 전체)'!N4 -> 0.46234903 | AA18: ='주택총조사(거처의종류, 일반,외국인가구, 아파트)'!Q4/'주택총조사(거처의종류, 일반,외국인가구, 전체)'!Q4 -> 0.47486 | AB18: ='주택총조사(거처의종류, 일반,외국인가구, 아파트)'!T4/'주택총조사(거처의종류, 일반,외국인가구, 전체)'!T4 -> 0.48579298 | AC18: ='주택총조사(거처의종류, 일반,외국인가구, 아파트)'!W4/'주택총조사(거처의종류, 일반,외국인가구, 전체)'!W4 -> 0.4867466 | AD18: =I18*Y18 -> 272.13369 | AE18: =J18*Z18 -> 195.57364 | AF18: =K18*AA18 -> 60.30722 | AG18: =L18*AB18 -> -168.08437 | AH18: =M18*AC18 -> -296.42868 | AI18: =AVERAGE(AD18:AH18) -> 12.7003 | AJ18: =T18*Y18 -> 407.72478 | AK18: =U18*Z18 -> 2550.3172 | AL18: =V18*AA18 -> 449.21756 | AM18: =W18*AB18 -> -532.42911 | AN18: =X18*AC18 -> 907.29566 | AO18: =AVERAGE(AJ18:AN18) -> 756.42523 | AP18: =AD18+AJ18 -> 679.85847 | AQ18: =AE18+AK18 -> 2745.8909 | AR18: =AF18+AL18 -> 509.52478 | AS18: =AG18+AM18 -> -700.51348 | AT18: =AH18+AN18 -> 610.86698 | AU18: =AVERAGE(AP18:AT18) -> 769.12553 | AV18: ='주택총조사(거처의종류, 일반,외국인가구, 전체)'!I4 -> 598 | AW18: ='주택총조사(거처의종류, 일반,외국인가구, 전체)'!L4 -> 880 | AX18: ='주택총조사(거처의종류, 일반,외국인가구, 전체)'!O4 -> 994 | AY18: ='주택총조사(거처의종류, 일반,외국인가구, 전체)'!R4 -> 1120 | AZ18: ='주택총조사(거처의종류, 일반,외국인가구, 전체)'!U4 -> 1222 | BA18: ='주택총조사(거처의종류, 일반,외국인가구, 전체)'!X4 -> 1552 | BB18: =AW18-AV18 -> 282 | BC18: =AX18-AW18 -> 114 | BD18: =AY18-AX18 -> 126 | BE18: =AZ18-AY18 -> 102 | BF18: =BA18-AZ18 -> 330 | BG18: ='주택총조사(거처의종류, 일반,외국인가구, 아파트)'!L4/'주택총조사(거처의종류, 일반,외국인가구, 전체)'!L4 -> 0.13522727 | BH18: ='주택총조사(거처의종류, 일반,외국인가구, 아파트)'!O4/'주택총조사(거처의종류, 일반,외국인가구, 전체)'!O4 -> 0.13078471 | BI18: ='주택총조사(거처의종류, 일반,외국인가구, 아파트)'!R4/'주택총조사(거처의종류, 일반,외국인가구, 전체)'!R4 -> 0.11964286 | BJ18: ='주택총조사(거처의종류, 일반,외국인가구, 아파트)'!U4/'주택총조사(거처의종류, 일반,외국인가구, 전체)'!U4 -> 0.11865794 | BK18: ='주택총조사(거처의종류, 일반,외국인가구, 아파트)'!X4/'주택총조사(거처의종류, 일반,외국인가구, 전체)'!X4 -> 0.098582474 | BL18: =BB18*BG18 -> 38.134091 | BM18: =BC18*BH18 -> 14.909457 | BN18: =BD18*BI18 -> 15.075 | BO18: =BE18*BJ18 -> 12.10311 | BP18: =BF18*BK18 -> 32.532216 | BQ18: =AVERAGE(BL18:BP18) -> 22.550775 | BR18: =REPS멸실!E3 -> 0 | BS18: =REPS멸실!F3 -> 0 | BT18: =REPS멸실!G3 -> 0 | BU18: =REPS멸실!H3 -> 0 | BV18: =REPS멸실!I3 -> 0 | BW18: =AVERAGE(BR18:BV18) -> 0 | BX18: =SUM(AU18,BQ18,BW18) -> 791.6763 | BY18: =SUM('주택소유통계(다주택자)'!Q4:R4) -> 10252 | BZ18: =SUM('주택소유통계(다주택자)'!U4:V4) -> 10336 | CA18: =SUM('주택소유통계(다주택자)'!Y4:Z4) -> 10585 | CB18: =SUM('주택소유통계(다주택자)'!AC4:AD4) -> 11082 | CC18: =BZ18-BY18 -> 84 | CD18: =CA18-BZ18 -> 249 | CE18: =CB18-CA18 -> 497 | CF18: ='REPS거래량(외지인)'!D4/'REPS거래량(외지인)'!C4 -> 0.57987867 | CG18: ='REPS거래량(외지인)'!I4/'REPS거래량(외지인)'!H4 -> 0.62726358 | CH18: ='REPS거래량(외지인)'!N4/'REPS거래량(외지인)'!M4 -> 0.67935122 | CI18: =REPS단위당실거래!G3 -> 908.3 | CJ18: =REPS단위당실거래!H3 -> 845.7 | CK18: =REPS단위당실거래!I3 -> 809.4 | CL18: 1461 | CM18: 1671 | CN18: 1498 | CO18: =CI18/CL18 -> 0.62169747 | CP18: =CJ18/CM18 -> 0.50610413 | CQ18: =CK18/CN18 -> 0.54032043 | CR18: 0.2 | CS18: 0.3 | CT18: 0.5 | CU18: =CC18*CF18*CO18*CR18 -> 6.0565528 | CV18: =CD18*CG18*CP18*CS18 -> 23.714313 | CW18: =CE18*CH18*CQ18*CT18 -> 91.216234 | CX18: =AVERAGE(CU18:CW18) -> 40.329033 | CY18: =REPS분양물량!H3 -> 923 | CZ18: =REPS분양물량!I3 -> 1583 | DA18: =REPS분양물량!J3 -> 226 | DB18: =REPS미분양!F3 -> 151 | DC18: =REPS미분양!G3 -> 306 | DD18: =REPS미분양!H3 -> 1139 | DE18: =REPS미분양!I3 -> 1252 | DF18: =SUM(CY18,DB18) -> 1074 | DG18: =SUM(CZ18,DC18) -> 1889 | DH18: =SUM(DA18,DD18) -> 1365 | DI18: =DF18-DC18 -> 768 | DJ18: =DG18-DD18 -> 750 | DK18: =DH18-DE18 -> 113 | DL18: 908.3 | DM18: 845.7 | DN18: 809.4 | DO18: ='REPS분양가(분기단위)'!D3 -> 1461 | DP18: ='REPS분양가(분기단위)'!E3 -> 1671 | DQ18: ='REPS분양가(분기단위)'!F3 -> 1498 | DR18: =DL18/DO18 -> 0.62169747 | DS18: =DM18/DP18 -> 0.50610413 | DT18: =DN18/DQ18 -> 0.54032043 | DU18: =100%-종합!CF18 -> 0.42012133 | DV18: =100%-종합!CG18 -> 0.37273642 | DW18: =100%-종합!CH18 -> 0.32064878 | DX18: 0.2 | DY18: 0.3 | DZ18: 0.5 | EA18: =DI18*DR18*DU18*DX18 -> 40.118534 | EB18: =DJ18*DS18*DV18*DY18 -> 42.444774 | EC18: =DK18*DT18*DW18*DZ18 -> 9.7887995 | ED18: =AVERAGE(EA18:EC18) -> 30.784036 | EE18: =CX18+ED18 -> 71.113069 | EF18: =BX18+EE18 -> 862.78937 | EG18: =REPS단위당실거래!I3 -> 809.4 | EH18: =DQ18 -> 1498 | EI18: =ROUND(EH18*34,-2) -> 50900 | EJ18: =EI18*0.55 -> 27995 | EK18: 13085 | EL18: =FZ18 -> 0.63743408 | EM18: 0.74 | EN18: 0.05 | EO18: =EK18*EL18*EM18*EN18 -> 308.61052 | EP18: =REPS단위당실거래!I3 -> 809.4 | EQ18: =DQ18 -> 1498 | ER18: =ROUND(EQ18*34,-2) -> 50900 | ES18: =ER18*0.55 -> 27995 | ET18: 4067 | EU18: =FZ18 -> 0.63743408 | EV18: 0.26 | EW18: 0.2 | EX18: =ET18*EU18*EV18*EW18 -> 134.80711 | EY18: ='주택총조사(주택의종류)'!AZ4 -> 0.58659237 | EZ18: ='주택총조사(주택의종류)'!AS4 -> 0.34102101 | FA18: ='주택총조사(주택의종류)'!BG4 -> 0.052102984 | FB18: =SUM(EZ18:FA18)/EY18 -> 0.67018259 | FC18: =SUM(EO18,EX18)*FB18 -> 297.17077 | FD18: 0.4 | FE18: 0.6 | FF18: =FC18*FD18*FE18 -> 71.320986 | FG18: =SUM(EO18,EX18,FF18) -> 514.73861 | FH18: 0.0394 | FI18: 30 | FJ18: 0.6 | FK18: 0.4 | FL18: =ROUND(EH18*34,-3) -> 51000 | FM18: =ROUND(EH18*34*FJ18,-2) -> 30600 | FN18: =PMT(FH18/12,FI18*12,FM18) -> -145.03259 | FO18: =-ROUND(FN18/FK18,-1)*12 -> 4320 | FP18: 177 | FQ18: 613 | FR18: 5794 | FS18: 8076 | FT18: 4526 | FU18: 4158 | FV18: 4055 | FW18: 8923 | FX18: 7857 | FY18: =SUM(FP18:FX18) -> 44179 | FZ18: =(SUM(FU18:FX18)/FY18)+(FT18/FY18)*0.7 -> 0.63743408 | GA18: =SUM(AO18,BQ18) -> 778.976 | GB18: 0.3 | GC18: =FZ18 -> 0.63743408 | GD18: =GA18*GB18*GC18 -> 148.96375 | GE18: =SUM(AI18,BW18) -> 12.7003 | GF18: 0.7 | GG18: =FZ18 -> 0.63743408 | GH18: =GE18*GF18*GG18 -> 5.6669228 | GI18: =GD18+GH18 -> 154.63068 | GJ18: =CX18 -> 40.329033 | GK18: =ED18 -> 30.784036 | GL18: =SUM('주택총조사(주택의종류)'!AD4:AF4) -> 58289 | GM18: =REPS미분양!I3 -> 1252 | GN18: =GM18/GL18 -> 0.021479181 | GO18: =LOOKUP(GN18,$GW$25:$GX$28) -> 0.4 | GP18: =SUM(GJ18:GK18)*GO18 -> 28.445228 | GQ18: =SUM(FG18,GI18,GP18) -> 697.81452 | GR18: =SUM('REPS분양물량+계획'!G3:I3)/3 -> 811.66667 | GS18: =GR18/GQ18 -> 1.1631553 | GT18: =LOOKUP(GS18,$GW$16:$GX$20) -> B등급 | GV18: 50%초과~100%이하 | GW18: 0.501 | GX18: A등급
A19: 강원도 | B19: 고성군 | C19: ='주택총조사(거처의종류, 일반,외국인가구, 전체)'!H5 -> 12031 | D19: ='주택총조사(거처의종류, 일반,외국인가구, 전체)'!K5 -> 11132 | E19: ='주택총조사(거처의종류, 일반,외국인가구, 전체)'!N5 -> 11723 | F19: ='주택총조사(거처의종류, 일반,외국인가구, 전체)'!Q5 -> 11992 | G19: ='주택총조사(거처의종류, 일반,외국인가구, 전체)'!T5 -> 12309 | H19: ='주택총조사(거처의종류, 일반,외국인가구, 전체)'!W5 -> 12866 | I19: =D19-C19-T19 -> -36 | J19: =E19-D19-U19 -> 1 | K19: =F19-E19-V19 -> 113 | L19: =G19-F19-W19 -> 131 | M19: =H19-G19-X19 -> -36 | N19: ='인구총조사(가구, 1인가구)'!D5 -> 4686 | O19: ='인구총조사(가구, 1인가구)'!E5 -> 3823 | P19: ='인구총조사(가구, 1인가구)'!F5 -> 4413 | Q19: ='인구총조사(가구, 1인가구)'!G5 -> 4569 | R19: ='인구총조사(가구, 1인가구)'!H5 -> 4755 | S19: ='인구총조사(가구, 1인가구)'!I5 -> 5348 | T19: =O19-N19 -> -863 | U19: =P19-O19 -> 590 | V19: =Q19-P19 -> 156 | W19: =R19-Q19 -> 186 | X19: =S19-R19 -> 593 | Y19: ='주택총조사(거처의종류, 일반,외국인가구, 아파트)'!K5/'주택총조사(거처의종류, 일반,외국인가구, 전체)'!K5 -> 0.13986705 | Z19: ='주택총조사(거처의종류, 일반,외국인가구, 아파트)'!N5/'주택총조사(거처의종류, 일반,외국인가구, 전체)'!N5 -> 0.1389576 | AA19: ='주택총조사(거처의종류, 일반,외국인가구, 아파트)'!Q5/'주택총조사(거처의종류, 일반,외국인가구, 전체)'!Q5 -> 0.18312208 | AB19: ='주택총조사(거처의종류, 일반,외국인가구, 아파트)'!T5/'주택총조사(거처의종류, 일반,외국인가구, 전체)'!T5 -> 0.19660411 | AC19: ='주택총조사(거처의종류, 일반,외국인가구, 아파트)'!W5/'주택총조사(거처의종류, 일반,외국인가구, 전체)'!W5 -> 0.19166796 | AD19: =I19*Y19 -> -5.0352138 | AE19: =J19*Z19 -> 0.1389576 | AF19: =K19*AA19 -> 20.692795 | AG19: =L19*AB19 -> 25.755139 | AH19: =M19*AC19 -> -6.9000466 | AI19: =AVERAGE(AD19:AH19) -> 6.9303262 | AJ19: =T19*Y19 -> -120.70526 | AK19: =U19*Z19 -> 81.984987 | AL19: =V19*AA19 -> 28.567045 | AM19: =W19*AB19 -> 36.568365 | AN19: =X19*AC19 -> 113.6591 | AO19: =AVERAGE(AJ19:AN19) -> 28.014847 | AP19: =AD19+AJ19 -> -125.74048 | AQ19: =AE19+AK19 -> 82.123944 | AR19: =AF19+AL19 -> 49.25984 | AS19: =AG19+AM19 -> 62.323503 | AT19: =AH19+AN19 -> 106.75905 | AU19: =AVERAGE(AP19:AT19) -> 34.945173 | AV19: ='주택총조사(거처의종류, 일반,외국인가구, 전체)'!I5 -> 130 | AW19: ='주택총조사(거처의종류, 일반,외국인가구, 전체)'!L5 -> 142 | AX19: ='주택총조사(거처의종류, 일반,외국인가구, 전체)'!O5 -> 355 | AY19: ='주택총조사(거처의종류, 일반,외국인가구, 전체)'!R5 -> 377 | AZ19: ='주택총조사(거처의종류, 일반,외국인가구, 전체)'!U5 -> 428 | BA19: ='주택총조사(거처의종류, 일반,외국인가구, 전체)'!X5 -> 497 | BB19: =AW19-AV19 -> 12 | BC19: =AX19-AW19 -> 213 | BD19: =AY19-AX19 -> 22 | BE19: =AZ19-AY19 -> 51 | BF19: =BA19-AZ19 -> 69 | BG19: ='주택총조사(거처의종류, 일반,외국인가구, 아파트)'!L5/'주택총조사(거처의종류, 일반,외국인가구, 전체)'!L5 -> 0 | BH19: ='주택총조사(거처의종류, 일반,외국인가구, 아파트)'!O5/'주택총조사(거처의종류, 일반,외국인가구, 전체)'!O5 -> 0 | BI19: ='주택총조사(거처의종류, 일반,외국인가구, 아파트)'!R5/'주택총조사(거처의종류, 일반,외국인가구, 전체)'!R5 -> 0 | BJ19: ='주택총조사(거처의종류, 일반,외국인가구, 아파트)'!U5/'주택총조사(거처의종류, 일반,외국인가구, 전체)'!U5 -> 0.021028037 | BK19: ='주택총조사(거처의종류, 일반,외국인가구, 아파트)'!X5/'주택총조사(거처의종류, 일반,외국인가구, 전체)'!X5 -> 0.018108652 | BL19: =BB19*BG19 -> 0 | BM19: =BC19*BH19 -> 0 | BN19: =BD19*BI19 -> 0 | BO19: =BE19*BJ19 -> 1.0724299 | BP19: =BF19*BK19 -> 1.249497 | BQ19: =AVERAGE(BL19:BP19) -> 0.46438538 | BR19: =REPS멸실!E4 -> 0 | BS19: =REPS멸실!F4 -> 0 | BT19: =REPS멸실!G4 -> 0 | BU19: =REPS멸실!H4 -> 0 | BV19: =REPS멸실!I4 -> 0 | BW19: =AVERAGE(BR19:BV19) -> 0 | BX19: =SUM(AU19,BQ19,BW19) -> 35.409558 | BY19: =SUM('주택소유통계(다주택자)'!Q5:R5) -> 1708 | BZ19: =SUM('주택소유통계(다주택자)'!U5:V5) -> 1838 | CA19: =SUM('주택소유통계(다주택자)'!Y5:Z5) -> 1924 | CB19: =SUM('주택소유통계(다주택자)'!AC5:AD5) -> 2040 | CC19: =BZ19-BY19 -> 130 | CD19: =CA19-BZ19 -> 86 | CE19: =CB19-CA19 -> 116 | CF19: ='REPS거래량(외지인)'!D5/'REPS거래량(외지인)'!C5 -> 0.45631068 | CG19: ='REPS거래량(외지인)'!I5/'REPS거래량(외지인)'!H5 -> 0.44444444 | CH19: ='REPS거래량(외지인)'!N5/'REPS거래량(외지인)'!M5 -> 0.45205479 | CI19: =REPS단위당실거래!G4 -> 803.5 | CJ19: =REPS단위당실거래!H4 -> 755.3 | CK19: =REPS단위당실거래!I4 -> 744.3 | CL19: 1141 | CM19: 1198.05 | CN19: 1257.9525 | CO19: 0 | CP19: =CJ19/CM19 -> 0.63044113 | CQ19: =CK19/CN19 -> 0.59167576 | CR19: 0.2 | CS19: 0.3 | CT19: 0.5 | CU19: 0 | CV19: =CD19*CG19*CP19*CS19 -> 7.2290583 | CW19: =CE19*CH19*CQ19*CT19 -> 15.513252 | CX19: =AVERAGE(CU19:CW19) -> 7.5807701 | CY19: =REPS분양물량!H4 -> 811 | CZ19: =REPS분양물량!I4 -> 100 | DA19: =REPS분양물량!J4 -> 0 | DB19: =REPS미분양!F4 -> 0 | DC19: =REPS미분양!G4 -> 0 | DD19: =REPS미분양!H4 -> 0 | DE19: =REPS미분양!I4 -> 0 | DF19: =SUM(CY19,DB19) -> 811 | DG19: =SUM(CZ19,DC19) -> 100 | DH19: =SUM(DA19,DD19) -> 0 | DI19: =DF19-DC19 -> 811 | DJ19: =DG19-DD19 -> 100 | DK19: =DH19-DE19 -> 0 | DL19: 803.5 | DM19: 755.3 | DN19: 744.3 | DO19: ='REPS분양가(분기단위)'!D4 -> 1141 | DP19: =DO19*1.05 -> 1198.05 | DQ19: =DP19*1.05 -> 1257.9525 | DR19: =DL19/DO19 -> 0.70420684 | DS19: =DM19/DP19 -> 0.63044113 | DT19: =DN19/DQ19 -> 0.59167576 | DU19: =100%-종합!CF19 -> 0.54368932 | DV19: =100%-종합!CG19 -> 0.55555556 | DW19: =100%-종합!CH19 -> 0.54794521 | DX19: 0.2 | DY19: 0.3 | DZ19: 0.5 | EA19: =DI19*DR19*DU19*DX19 -> 62.101471 | EB19: =DJ19*DS19*DV19*DY19 -> 10.507352 | EC19: =DK19*DT19*DW19*DZ19 -> 0 | ED19: =AVERAGE(EA19:EC19) -> 24.202941 | EE19: =CX19+ED19 -> 31.783711 | EF19: =BX19+EE19 -> 67.19327 | EG19: =REPS단위당실거래!I4 -> 744.3 | EH19: =DQ19 -> 1257.9525 | EI19: =ROUND(EH19*34,-2) -> 42800 | EJ19: =EI19*0.55 -> 23540 | EK19: 1458 | EL19: =FZ19 -> 0.72568351 | EM19: 0.74 | EN19: 0.05 | EO19: =EK19*EL19*EM19*EN19 -> 39.147723 | EP19: =REPS단위당실거래!I4 -> 744.3 | EQ19: =DQ19 -> 1257.9525 | ER19: =ROUND(EQ19*34,-2) -> 42800 | ES19: =ER19*0.55 -> 23540 | ET19: 605 | EU19: =FZ19 -> 0.72568351 | EV19: 0.26 | EW19: 0.2 | EX19: =ET19*EU19*EV19*EW19 -> 22.830003 | EY19: ='주택총조사(주택의종류)'!AZ5 -> 0.2207504 | EZ19: ='주택총조사(주택의종류)'!AS5 -> 0.72707627 | FA19: ='주택총조사(주택의종류)'!BG5 -> 0.021706133 | FB19: =SUM(EZ19:FA19)/EY19 -> 3.3919867 | FC19: =SUM(EO19,EX19)*FB19 -> 210.22762 | FD19: 0.4 | FE19: 0.6 | FF19: =FC19*FD19*FE19 -> 50.454629 | FG19: =SUM(EO19,EX19,FF19) -> 112.43235 | FH19: 0.0394 | FI19: 30 | FJ19: 0.6 | FK19: 0.4 | FL19: =ROUND(EH19*34,-3) -> 43000 | FM19: =ROUND(EH19*34*FJ19,-2) -> 25700 | FN19: =PMT(FH19/12,FI19*12,FM19) -> -121.80842 | FO19: =-ROUND(FN19/FK19,-1)*12 -> 3600 | FP19: - | FQ19: 44 | FR19: 281 | FS19: 562 | FT19: 315 | FU19: 245 | FV19: 207 | FW19: 491 | FX19: 269 | FY19: =SUM(FP19:FX19) -> 2414 | FZ19: =(SUM(FT19:FX19)/FY19)+(FS19/FY19)*0.4 -> 0.72568351 | GA19: =SUM(AO19,BQ19) -> 28.479232 | GB19: 0.3 | GC19: =FZ19 -> 0.72568351 | GD19: =GA19*GB19*GC19 -> 6.2000728 | GE19: =SUM(AI19,BW19) -> 6.9303262 | GF19: 0.7 | GG19: =FZ19 -> 0.72568351 | GH19: =GE19*GF19*GG19 -> 3.5204564 | GI19: =GD19+GH19 -> 9.7205292 | GJ19: =CX19 -> 7.5807701 | GK19: =ED19 -> 24.202941 | GL19: =SUM('주택총조사(주택의종류)'!AD5:AF5) -> 3783 | GM19: =REPS미분양!I4 -> 0 | GN19: =GM19/GL19 -> 0 | GO19: =LOOKUP(GN19,$GW$25:$GX$28) -> 1 | GP19: =SUM(GJ19:GK19)*GO19 -> 31.783711 | GQ19: =SUM(FG19,GI19,GP19) -> 153.9366 | GR19: =SUM('REPS분양물량+계획'!G4:I4)/3 -> 0 | GS19: =GR19/GQ19 -> 0 | GT19: =LOOKUP(GS19,$GW$16:$GX$20) -> S등급 | GV19: 100%초과~150%이하 | GW19: 1.001 | GX19: B등급
A20: 강원도 | B20: 동해시 | C20: ='주택총조사(거처의종류, 일반,외국인가구, 전체)'!H6 -> 35984 | D20: ='주택총조사(거처의종류, 일반,외국인가구, 전체)'!K6 -> 36214 | E20: ='주택총조사(거처의종류, 일반,외국인가구, 전체)'!N6 -> 37427 | F20: ='주택총조사(거처의종류, 일반,외국인가구, 전체)'!Q6 -> 38396 | G20: ='주택총조사(거처의종류, 일반,외국인가구, 전체)'!T6 -> 39024 | H20: ='주택총조사(거처의종류, 일반,외국인가구, 전체)'!W6 -> 39492 | I20: =D20-C20-T20 -> 33 | J20: =E20-D20-U20 -> 259 | K20: =F20-E20-V20 -> -48 | L20: =G20-F20-W20 -> -151 | M20: =H20-G20-X20 -> -393 | N20: ='인구총조사(가구, 1인가구)'!D6 -> 10346 | O20: ='인구총조사(가구, 1인가구)'!E6 -> 10543 | P20: ='인구총조사(가구, 1인가구)'!F6 -> 11497 | Q20: ='인구총조사(가구, 1인가구)'!G6 -> 12514 | R20: ='인구총조사(가구, 1인가구)'!H6 -> 13293 | S20: ='인구총조사(가구, 1인가구)'!I6 -> 14154 | T20: =O20-N20 -> 197 | U20: =P20-O20 -> 954 | V20: =Q20-P20 -> 1017 | W20: =R20-Q20 -> 779 | X20: =S20-R20 -> 861 | Y20: ='주택총조사(거처의종류, 일반,외국인가구, 아파트)'!K6/'주택총조사(거처의종류, 일반,외국인가구, 전체)'!K6 -> 0.57767714 | Z20: ='주택총조사(거처의종류, 일반,외국인가구, 아파트)'!N6/'주택총조사(거처의종류, 일반,외국인가구, 전체)'!N6 -> 0.59491811 | AA20: ='주택총조사(거처의종류, 일반,외국인가구, 아파트)'!Q6/'주택총조사(거처의종류, 일반,외국인가구, 전체)'!Q6 -> 0.60498489 | AB20: ='주택총조사(거처의종류, 일반,외국인가구, 아파트)'!T6/'주택총조사(거처의종류, 일반,외국인가구, 전체)'!T6 -> 0.61369926 | AC20: ='주택총조사(거처의종류, 일반,외국인가구, 아파트)'!W6/'주택총조사(거처의종류, 일반,외국인가구, 전체)'!W6 -> 0.61442824 | AD20: =I20*Y20 -> 19.063346 | AE20: =J20*Z20 -> 154.08379 | AF20: =K20*AA20 -> -29.039275 | AG20: =L20*AB20 -> -92.668589 | AH20: =M20*AC20 -> -241.4703 | AI20: =AVERAGE(AD20:AH20) -> -38.006205 | AJ20: =T20*Y20 -> 113.8024 | AK20: =U20*Z20 -> 567.55187 | AL20: =V20*AA20 -> 615.26964 | AM20: =W20*AB20 -> 478.07173 | AN20: =X20*AC20 -> 529.02271 | AO20: =AVERAGE(AJ20:AN20) -> 460.74367 | AP20: =AD20+AJ20 -> 132.86574 | AQ20: =AE20+AK20 -> 721.63566 | AR20: =AF20+AL20 -> 586.23036 | AS20: =AG20+AM20 -> 385.40314 | AT20: =AH20+AN20 -> 287.55242 | AU20: =AVERAGE(AP20:AT20) -> 422.73746 | AV20: ='주택총조사(거처의종류, 일반,외국인가구, 전체)'!I6 -> 349 | AW20: ='주택총조사(거처의종류, 일반,외국인가구, 전체)'!L6 -> 376 | AX20: ='주택총조사(거처의종류, 일반,외국인가구, 전체)'!O6 -> 422 | AY20: ='주택총조사(거처의종류, 일반,외국인가구, 전체)'!R6 -> 289 | AZ20: ='주택총조사(거처의종류, 일반,외국인가구, 전체)'!U6 -> 286 | BA20: ='주택총조사(거처의종류, 일반,외국인가구, 전체)'!X6 -> 338 | BB20: =AW20-AV20 -> 27 | BC20: =AX20-AW20 -> 46 | BD20: =AY20-AX20 -> -133 | BE20: =AZ20-AY20 -> -3 | BF20: =BA20-AZ20 -> 52 | BG20: ='주택총조사(거처의종류, 일반,외국인가구, 아파트)'!L6/'주택총조사(거처의종류, 일반,외국인가구, 전체)'!L6 -> 0.17021277 | BH20: ='주택총조사(거처의종류, 일반,외국인가구, 아파트)'!O6/'주택총조사(거처의종류, 일반,외국인가구, 전체)'!O6 -> 0.14218009 | BI20: ='주택총조사(거처의종류, 일반,외국인가구, 아파트)'!R6/'주택총조사(거처의종류, 일반,외국인가구, 전체)'!R6 -> 0.21799308 | BJ20: ='주택총조사(거처의종류, 일반,외국인가구, 아파트)'!U6/'주택총조사(거처의종류, 일반,외국인가구, 전체)'!U6 -> 0.25174825 | BK20: ='주택총조사(거처의종류, 일반,외국인가구, 아파트)'!X6/'주택총조사(거처의종류, 일반,외국인가구, 전체)'!X6 -> 0.19822485 | BL20: =BB20*BG20 -> 4.5957447 | BM20: =BC20*BH20 -> 6.5402844 | BN20: =BD20*BI20 -> -28.99308 | BO20: =BE20*BJ20 -> -0.75524476 | BP20: =BF20*BK20 -> 10.307692 | BQ20: =AVERAGE(BL20:BP20) -> -1.6609206 | BR20: =REPS멸실!E5 -> 0 | BS20: =REPS멸실!F5 -> 0 | BT20: =REPS멸실!G5 -> 0 | BU20: =REPS멸실!H5 -> 0 | BV20: =REPS멸실!I5 -> 0 | BW20: =AVERAGE(BR20:BV20) -> 0 | BX20: =SUM(AU20,BQ20,BW20) -> 421.07654 | BY20: =SUM('주택소유통계(다주택자)'!Q6:R6) -> 4095 | BZ20: =SUM('주택소유통계(다주택자)'!U6:V6) -> 4066 | CA20: =SUM('주택소유통계(다주택자)'!Y6:Z6) -> 4140 | CB20: =SUM('주택소유통계(다주택자)'!AC6:AD6) -> 4235 | CC20: =BZ20-BY20 -> -29 | CD20: =CA20-BZ20 -> 74 | CE20: =CB20-CA20 -> 95 | CF20: ='REPS거래량(외지인)'!D6/'REPS거래량(외지인)'!C6 -> 0.51776039 | CG20: ='REPS거래량(외지인)'!I6/'REPS거래량(외지인)'!H6 -> 0.44698897 | CH20: ='REPS거래량(외지인)'!N6/'REPS거래량(외지인)'!M6 -> 0.66133109 | CI20: =REPS단위당실거래!G5 -> 558.6 | CJ20: =REPS단위당실거래!H5 -> 558.7 | CK20: =REPS단위당실거래!I5 -> 559.6 | CL20: 0 | CM20: 0 | CN20: 0 | CO20: =CI20/CL20 -> #DIV/0! | CP20: =CJ20/CM20 -> #DIV/0! | CQ20: =CK20/CN20 -> #DIV/0! | CR20: 0.2 | CS20: 0.3 | CT20: 0.5 | CU20: =CC20*CF20*CO20*CR20 -> #DIV/0! | CV20: =CD20*CG20*CP20*CS20 -> #DIV/0! | CW20: =CE20*CH20*CQ20*CT20 -> #DIV/0! | CX20: =AVERAGE(CU20:CW20) -> #DIV/0! | CY20: =REPS분양물량!H5 -> 0 | CZ20: =REPS분양물량!I5 -> 0 | DA20: =REPS분양물량!J5 -> 0 | DB20: =REPS미분양!F5 -> 32 | DC20: =REPS미분양!G5 -> 19 | DD20: =REPS미분양!H5 -> 5 | DE20: =REPS미분양!I5 -> 0 | DF20: =SUM(CY20,DB20) -> 32 | DG20: =SUM(CZ20,DC20) -> 19 | DH20: =SUM(DA20,DD20) -> 5 | DI20: =DF20-DC20 -> 13 | DJ20: =DG20-DD20 -> 14 | DK20: =DH20-DE20 -> 5 | DL20: 558.6 | DM20: 558.7 | DN20: 559.6 | DO20: ='REPS분양가(분기단위)'!D5 -> 0 | DP20: ='REPS분양가(분기단위)'!E5 -> 0 | DQ20: ='REPS분양가(분기단위)'!F5 -> 0 | DR20: =DL20/DO20 -> #DIV/0! | DS20: =DM20/DP20 -> #DIV/0! | DT20: =DN20/DQ20 -> #DIV/0! | DU20: =100%-종합!CF20 -> 0.48223961 | DV20: =100%-종합!CG20 -> 0.55301103 | DW20: =100%-종합!CH20 -> 0.33866891 | DX20: 0.2 | DY20: 0.3 | DZ20: 0.5 | EA20: =DI20*DR20*DU20*DX20 -> #DIV/0! | EB20: =DJ20*DS20*DV20*DY20 -> #DIV/0! | EC20: =DK20*DT20*DW20*DZ20 -> #DIV/0! | ED20: =AVERAGE(EA20:EC20) -> #DIV/0! | EE20: =CX20+ED20 -> #DIV/0! | EF20: =BX20+EE20 -> #DIV/0! | EG20: =REPS단위당실거래!I5 -> 559.6 | EH20: =DQ20 -> 0 | EI20: =ROUND(EH20*34,-2) -> 0 | EJ20: =EI20*0.55 -> 0 | EK20: 0 | EL20: =FZ20 -> 0 | EM20: 0.74 | EN20: 0.05 | EO20: =EK20*EL20*EM20*EN20 -> 0 | EP20: =REPS단위당실거래!I5 -> 559.6 | EQ20: =DQ20 -> 0 | ER20: =ROUND(EQ20*34,-2) -> 0 | ES20: =ER20*0.55 -> 0 | ET20: 0 | EU20: =FZ20 -> 0 | EV20: 0.26 | EW20: 0.2 | EX20: =ET20*EU20*EV20*EW20 -> 0 | EY20: ='주택총조사(주택의종류)'!AZ6 -> 0.65375272 | EZ20: ='주택총조사(주택의종류)'!AS6 -> 0.25967112 | FA20: ='주택총조사(주택의종류)'!BG6 -> 0.06965585 | FB20: =SUM(EZ20:FA20)/EY20 -> 0.50374853 | FC20: =SUM(EO20,EX20)*FB20 -> 0 | FD20: 0.4 | FE20: 0.6 | FF20: =FC20*FD20*FE20 -> 0 | FG20: =SUM(EO20,EX20,FF20) -> 0 | FH20: 0.0394 | FI20: 30 | FJ20: 0.6 | FK20: 0.4 | FL20: =ROUND(EH20*34,-3) -> 0 | FM20: =ROUND(EH20*34*FJ20,-2) -> 0 | FN20: =PMT(FH20/12,FI20*12,FM20) -> 0 | FO20: =-ROUND(FN20/FK20,-1)*12 -> 0 | FP20: 107 | FQ20: 336 | FR20: 2928 | FS20: 4252 | FT20: 2405 | FU20: 2207 | FV20: 2081 | FW20: 4549 | FX20: 3567 | FY20: =SUM(FP20:FX20) -> 22432 | FZ20: 0 | GA20: =SUM(AO20,BQ20) -> 459.08275 | GB20: 0.3 | GC20: =FZ20 -> 0 | GD20: =GA20*GB20*GC20 -> 0 | GE20: =SUM(AI20,BW20) -> -38.006205 | GF20: 0.7 | GG20: =FZ20 -> 0 | GH20: =GE20*GF20*GG20 -> 0 | GI20: =GD20+GH20 -> 0 | GJ20: =CX20 -> #DIV/0! | GK20: =ED20 -> #DIV/0! | GL20: =SUM('주택총조사(주택의종류)'!AD6:AF6) -> 31122 | GM20: =REPS미분양!I5 -> 0 | GN20: =GM20/GL20 -> 0 | GO20: =LOOKUP(GN20,$GW$25:$GX$28) -> 1 | GP20: =SUM(GJ20:GK20)*GO20 -> #DIV/0! | GQ20: =SUM(FG20,GI20,GP20) -> #DIV/0! | GR20: =SUM('REPS분양물량+계획'!G5:I5)/3 -> 0 | GS20: =GR20/GQ20 -> #DIV/0! | GT20: =LOOKUP(GS20,$GW$16:$GX$20) -> #DIV/0! | GV20: 150%초과 | GW20: 1.501 | GX20: C등급
A21: 강원도 | B21: 삼척시 | C21: ='주택총조사(거처의종류, 일반,외국인가구, 전체)'!H7 -> 29470 | D21: ='주택총조사(거처의종류, 일반,외국인가구, 전체)'!K7 -> 29361 | E21: ='주택총조사(거처의종류, 일반,외국인가구, 전체)'!N7 -> 30764 | F21: ='주택총조사(거처의종류, 일반,외국인가구, 전체)'!Q7 -> 29554 | G21: ='주택총조사(거처의종류, 일반,외국인가구, 전체)'!T7 -> 29676 | H21: ='주택총조사(거처의종류, 일반,외국인가구, 전체)'!W7 -> 30225 | I21: =D21-C21-T21 -> -24 | J21: =E21-D21-U21 -> -279 | K21: =F21-E21-V21 -> -389 | L21: =G21-F21-W21 -> -41 | M21: =H21-G21-X21 -> -277 | N21: ='인구총조사(가구, 1인가구)'!D7 -> 10919 | O21: ='인구총조사(가구, 1인가구)'!E7 -> 10834 | P21: ='인구총조사(가구, 1인가구)'!F7 -> 12516 | Q21: ='인구총조사(가구, 1인가구)'!G7 -> 11695 | R21: ='인구총조사(가구, 1인가구)'!H7 -> 11858 | S21: ='인구총조사(가구, 1인가구)'!I7 -> 12684 | T21: =O21-N21 -> -85 | U21: =P21-O21 -> 1682 | V21: =Q21-P21 -> -821 | W21: =R21-Q21 -> 163 | X21: =S21-R21 -> 826 | Y21: ='주택총조사(거처의종류, 일반,외국인가구, 아파트)'!K7/'주택총조사(거처의종류, 일반,외국인가구, 전체)'!K7 -> 0.39709138 | Z21: ='주택총조사(거처의종류, 일반,외국인가구, 아파트)'!N7/'주택총조사(거처의종류, 일반,외국인가구, 전체)'!N7 -> 0.37937199 | AA21: ='주택총조사(거처의종류, 일반,외국인가구, 아파트)'!Q7/'주택총조사(거처의종류, 일반,외국인가구, 전체)'!Q7 -> 0.39669757 | AB21: ='주택총조사(거처의종류, 일반,외국인가구, 아파트)'!T7/'주택총조사(거처의종류, 일반,외국인가구, 전체)'!T7 -> 0.4137687 | AC21: ='주택총조사(거처의종류, 일반,외국인가구, 아파트)'!W7/'주택총조사(거처의종류, 일반,외국인가구, 전체)'!W7 -> 0.40899917 | AD21: =I21*Y21 -> -9.5301931 | AE21: =J21*Z21 -> -105.84479 | AF21: =K21*AA21 -> -154.31535 | AG21: =L21*AB21 -> -16.964517 | AH21: =M21*AC21 -> -113.29277 | AI21: =AVERAGE(AD21:AH21) -> -79.989524 | AJ21: =T21*Y21 -> -33.752767 | AK21: =U21*Z21 -> 638.10369 | AL21: =V21*AA21 -> -325.68871 | AM21: =W21*AB21 -> 67.444298 | AN21: =X21*AC21 -> 337.83332 | AO21: =AVERAGE(AJ21:AN21) -> 136.78797 | AP21: =AD21+AJ21 -> -43.28296 | AQ21: =AE21+AK21 -> 532.25891 | AR21: =AF21+AL21 -> -480.00406 | AS21: =AG21+AM21 -> 50.479782 | AT21: =AH21+AN21 -> 224.54055 | AU21: =AVERAGE(AP21:AT21) -> 56.798443 | AV21: ='주택총조사(거처의종류, 일반,외국인가구, 전체)'!I7 -> 208 | AW21: ='주택총조사(거처의종류, 일반,외국인가구, 전체)'!L7 -> 219 | AX21: ='주택총조사(거처의종류, 일반,외국인가구, 전체)'!O7 -> 224 | AY21: ='주택총조사(거처의종류, 일반,외국인가구, 전체)'!R7 -> 223 | AZ21: ='주택총조사(거처의종류, 일반,외국인가구, 전체)'!U7 -> 243 | BA21: ='주택총조사(거처의종류, 일반,외국인가구, 전체)'!X7 -> 296 | BB21: =AW21-AV21 -> 11 | BC21: =AX21-AW21 -> 5 | BD21: =AY21-AX21 -> -1 | BE21: =AZ21-AY21 -> 20 | BF21: =BA21-AZ21 -> 53 | BG21: ='주택총조사(거처의종류, 일반,외국인가구, 아파트)'!L7/'주택총조사(거처의종류, 일반,외국인가구, 전체)'!L7 -> 0.21004566 | BH21: ='주택총조사(거처의종류, 일반,외국인가구, 아파트)'!O7/'주택총조사(거처의종류, 일반,외국인가구, 전체)'!O7 -> 0.20089286 | BI21: ='주택총조사(거처의종류, 일반,외국인가구, 아파트)'!R7/'주택총조사(거처의종류, 일반,외국인가구, 전체)'!R7 -> 0.16591928 | BJ21: ='주택총조사(거처의종류, 일반,외국인가구, 아파트)'!U7/'주택총조사(거처의종류, 일반,외국인가구, 전체)'!U7 -> 0.18930041 | BK21: ='주택총조사(거처의종류, 일반,외국인가구, 아파트)'!X7/'주택총조사(거처의종류, 일반,외국인가구, 전체)'!X7 -> 0.15202703 | BL21: =BB21*BG21 -> 2.3105023 | BM21: =BC21*BH21 -> 1.0044643 | BN21: =BD21*BI21 -> -0.16591928 | BO21: =BE21*BJ21 -> 3.7860082 | BP21: =BF21*BK21 -> 8.0574324 | BQ21: =AVERAGE(BL21:BP21) -> 2.9984976 | BR21: =REPS멸실!E6 -> 0 | BS21: =REPS멸실!F6 -> 0 | BT21: =REPS멸실!G6 -> 0 | BU21: =REPS멸실!H6 -> 0 | BV21: =REPS멸실!I6 -> 42 | BW21: =AVERAGE(BR21:BV21) -> 8.4 | BX21: =SUM(AU21,BQ21,BW21) -> 68.19694 | BY21: =SUM('주택소유통계(다주택자)'!Q7:R7) -> 3439 | BZ21: =SUM('주택소유통계(다주택자)'!U7:V7) -> 3444 | CA21: =SUM('주택소유통계(다주택자)'!Y7:Z7) -> 3631 | CB21: =SUM('주택소유통계(다주택자)'!AC7:AD7) -> 3835 | CC21: =BZ21-BY21 -> 5 | CD21: =CA21-BZ21 -> 187 | CE21: =CB21-CA21 -> 204 | CF21: ='REPS거래량(외지인)'!D7/'REPS거래량(외지인)'!C7 -> 0.67039106 | CG21: ='REPS거래량(외지인)'!I7/'REPS거래량(외지인)'!H7 -> 0.72134595 | CH21: ='REPS거래량(외지인)'!N7/'REPS거래량(외지인)'!M7 -> 0.69811321 | CI21: =REPS단위당실거래!G6 -> 491.2 | CJ21: =REPS단위당실거래!H6 -> 529.4 | CK21: =REPS단위당실거래!I6 -> 548.4 | CL21: 0 | CM21: 0 | CN21: 0 | CO21: =CI21/CL21 -> #DIV/0! | CP21: =CJ21/CM21 -> #DIV/0! | CQ21: =CK21/CN21 -> #DIV/0! | CR21: 0.2 | CS21: 0.3 | CT21: 0.5 | CU21: =CC21*CF21*CO21*CR21 -> #DIV/0! | CV21: =CD21*CG21*CP21*CS21 -> #DIV/0! | CW21: =CE21*CH21*CQ21*CT21 -> #DIV/0! | CX21: =AVERAGE(CU21:CW21) -> #DIV/0! | CY21: =REPS분양물량!H6 -> 0 | CZ21: =REPS분양물량!I6 -> 0 | DA21: =REPS분양물량!J6 -> 0 | DB21: =REPS미분양!F6 -> 99 | DC21: =REPS미분양!G6 -> 61 | DD21: =REPS미분양!H6 -> 40 | DE21: =REPS미분양!I6 -> 78 | DF21: =SUM(CY21,DB21) -> 99 | DG21: =SUM(CZ21,DC21) -> 61 | DH21: =SUM(DA21,DD21) -> 40 | DI21: =DF21-DC21 -> 38 | DJ21: =DG21-DD21 -> 21 | DK21: =DH21-DE21 -> -38 | DL21: 491.2 | DM21: 529.4 | DN21: 548.4 | DO21: ='REPS분양가(분기단위)'!D6 -> 0 | DP21: ='REPS분양가(분기단위)'!E6 -> 0 | DQ21: ='REPS분양가(분기단위)'!F6 -> 0 | DR21: =DL21/DO21 -> #DIV/0! | DS21: =DM21/DP21 -> #DIV/0! | DT21: =DN21/DQ21 -> #DIV/0! | DU21: =100%-종합!CF21 -> 0.32960894 | DV21: =100%-종합!CG21 -> 0.27865405 | DW21: =100%-종합!CH21 -> 0.30188679 | DX21: 0.2 | DY21: 0.3 | DZ21: 0.5 | EA21: =DI21*DR21*DU21*DX21 -> #DIV/0! | EB21: =DJ21*DS21*DV21*DY21 -> #DIV/0! | EC21: =DK21*DT21*DW21*DZ21 -> #DIV/0! | ED21: =AVERAGE(EA21:EC21) -> #DIV/0! | EE21: =CX21+ED21 -> #DIV/0! | EF21: =BX21+EE21 -> #DIV/0! | EG21: =REPS단위당실거래!I6 -> 548.4 | EH21: =DQ21 -> 0 | EI21: =ROUND(EH21*34,-2) -> 0 | EJ21: =EI21*0.55 -> 0 | EK21: 0 | EL21: =FZ21 -> 0 | EM21: 0.74 | EN21: 0.05 | EO21: =EK21*EL21*EM21*EN21 -> 0 | EP21: =REPS단위당실거래!I6 -> 548.4 | EQ21: =DQ21 -> 0 | ER21: =ROUND(EQ21*34,-2) -> 0 | ES21: =ER21*0.55 -> 0 | ET21: 0 | EU21: =FZ21 -> 0 | EV21: 0.26 | EW21: 0.2 | EX21: =ET21*EU21*EV21*EW21 -> 0 | EY21: ='주택총조사(주택의종류)'!AZ7 -> 0.4674501 | EZ21: ='주택총조사(주택의종류)'!AS7 -> 0.43260975 | FA21: ='주택총조사(주택의종류)'!BG7 -> 0.081174384 | FB21: =SUM(EZ21:FA21)/EY21 -> 1.0991208 | FC21: =SUM(EO21,EX21)*FB21 -> 0 | FD21: 0.4 | FE21: 0.6 | FF21: =FC21*FD21*FE21 -> 0 | FG21: =SUM(EO21,EX21,FF21) -> 0 | FH21: 0.0394 | FI21: 30 | FJ21: 0.6 | FK21: 0.4 | FL21: =ROUND(EH21*34,-3) -> 0 | FM21: =ROUND(EH21*34*FJ21,-2) -> 0 | FN21: =PMT(FH21/12,FI21*12,FM21) -> 0 | FO21: =-ROUND(FN21/FK21,-1)*12 -> 0 | FP21: 58 | FQ21: 170 | FR21: 1592 | FS21: 2266 | FT21: 1334 | FU21: 1150 | FV21: 1006 | FW21: 2279 | FX21: 1839 | FY21: =SUM(FP21:FX21) -> 11694 | FZ21: 0 | GA21: =SUM(AO21,BQ21) -> 139.78646 | GB21: 0.3 | GC21: =FZ21 -> 0 | GD21: =GA21*GB21*GC21 -> 0 | GE21: =SUM(AI21,BW21) -> -71.589524 | GF21: 0.7 | GG21: =FZ21 -> 0 | GH21: =GE21*GF21*GG21 -> 0 | GI21: =GD21+GH21 -> 0 | GJ21: =CX21 -> #DIV/0! | GK21: =ED21 -> #DIV/0! | GL21: =SUM('주택총조사(주택의종류)'!AD7:AF7) -> 17685 | GM21: =REPS미분양!I6 -> 78 | GN21: =GM21/GL21 -> 0.0044105174 | GO21: =LOOKUP(GN21,$GW$25:$GX$28) -> 1 | GP21: =SUM(GJ21:GK21)*GO21 -> #DIV/0! | GQ21: =SUM(FG21,GI21,GP21) -> #DIV/0! | GR21: =SUM('REPS분양물량+계획'!G6:I6)/3 -> 139.33333 | GS21: =GR21/GQ21 -> #DIV/0! | GT21: =LOOKUP(GS21,$GW$16:$GX$20) -> #DIV/0!
A22: 강원도 | B22: 속초시 | C22: ='주택총조사(거처의종류, 일반,외국인가구, 전체)'!H8 -> 33623 | D22: ='주택총조사(거처의종류, 일반,외국인가구, 전체)'!K8 -> 34213 | E22: ='주택총조사(거처의종류, 일반,외국인가구, 전체)'!N8 -> 35551 | F22: ='주택총조사(거처의종류, 일반,외국인가구, 전체)'!Q8 -> 36656 | G22: ='주택총조사(거처의종류, 일반,외국인가구, 전체)'!T8 -> 37502 | H22: ='주택총조사(거처의종류, 일반,외국인가구, 전체)'!W8 -> 38042 | I22: =D22-C22-T22 -> 283 | J22: =E22-D22-U22 -> 327 | K22: =F22-E22-V22 -> -43 | L22: =G22-F22-W22 -> 86 | M22: =H22-G22-X22 -> -188 | N22: ='인구총조사(가구, 1인가구)'!D8 -> 10804 | O22: ='인구총조사(가구, 1인가구)'!E8 -> 11111 | P22: ='인구총조사(가구, 1인가구)'!F8 -> 12122 | Q22: ='인구총조사(가구, 1인가구)'!G8 -> 13270 | R22: ='인구총조사(가구, 1인가구)'!H8 -> 14030 | S22: ='인구총조사(가구, 1인가구)'!I8 -> 14758 | T22: =O22-N22 -> 307 | U22: =P22-O22 -> 1011 | V22: =Q22-P22 -> 1148 | W22: =R22-Q22 -> 760 | X22: =S22-R22 -> 728 | Y22: ='주택총조사(거처의종류, 일반,외국인가구, 아파트)'!K8/'주택총조사(거처의종류, 일반,외국인가구, 전체)'!K8 -> 0.61111273 | Z22: ='주택총조사(거처의종류, 일반,외국인가구, 아파트)'!N8/'주택총조사(거처의종류, 일반,외국인가구, 전체)'!N8 -> 0.62484881 | AA22: ='주택총조사(거처의종류, 일반,외국인가구, 아파트)'!Q8/'주택총조사(거처의종류, 일반,외국인가구, 전체)'!Q8 -> 0.63454823 | AB22: ='주택총조사(거처의종류, 일반,외국인가구, 아파트)'!T8/'주택총조사(거처의종류, 일반,외국인가구, 전체)'!T8 -> 0.6425524 | AC22: ='주택총조사(거처의종류, 일반,외국인가구, 아파트)'!W8/'주택총조사(거처의종류, 일반,외국인가구, 전체)'!W8 -> 0.64583881 | AD22: =I22*Y22 -> 172.9449 | AE22: =J22*Z22 -> 204.32556 | AF22: =K22*AA22 -> -27.285574 | AG22: =L22*AB22 -> 55.259506 | AH22: =M22*AC22 -> -121.4177 | AI22: =AVERAGE(AD22:AH22) -> 56.76534 | AJ22: =T22*Y22 -> 187.61161 | AK22: =U22*Z22 -> 631.72215 | AL22: =V22*AA22 -> 728.46137 | AM22: =W22*AB22 -> 488.33982 | AN22: =X22*AC22 -> 470.17065 | AO22: =AVERAGE(AJ22:AN22) -> 501.26112 | AP22: =AD22+AJ22 -> 360.55651 | AQ22: =AE22+AK22 -> 836.04771 | AR22: =AF22+AL22 -> 701.1758 | AS22: =AG22+AM22 -> 543.59933 | AT22: =AH22+AN22 -> 348.75296 | AU22: =AVERAGE(AP22:AT22) -> 558.02646 | AV22: ='주택총조사(거처의종류, 일반,외국인가구, 전체)'!I8 -> 310 | AW22: ='주택총조사(거처의종류, 일반,외국인가구, 전체)'!L8 -> 318 | AX22: ='주택총조사(거처의종류, 일반,외국인가구, 전체)'!O8 -> 352 | AY22: ='주택총조사(거처의종류, 일반,외국인가구, 전체)'!R8 -> 387 | AZ22: ='주택총조사(거처의종류, 일반,외국인가구, 전체)'!U8 -> 397 | BA22: ='주택총조사(거처의종류, 일반,외국인가구, 전체)'!X8 -> 479 | BB22: =AW22-AV22 -> 8 | BC22: =AX22-AW22 -> 34 | BD22: =AY22-AX22 -> 35 | BE22: =AZ22-AY22 -> 10 | BF22: =BA22-AZ22 -> 82 | BG22: ='주택총조사(거처의종류, 일반,외국인가구, 아파트)'!L8/'주택총조사(거처의종류, 일반,외국인가구, 전체)'!L8 -> 0.28301887 | BH22: ='주택총조사(거처의종류, 일반,외국인가구, 아파트)'!O8/'주택총조사(거처의종류, 일반,외국인가구, 전체)'!O8 -> 0.31534091 | BI22: ='주택총조사(거처의종류, 일반,외국인가구, 아파트)'!R8/'주택총조사(거처의종류, 일반,외국인가구, 전체)'!R8 -> 0.32041344 | BJ22: ='주택총조사(거처의종류, 일반,외국인가구, 아파트)'!U8/'주택총조사(거처의종류, 일반,외국인가구, 전체)'!U8 -> 0.29219144 | BK22: ='주택총조사(거처의종류, 일반,외국인가구, 아파트)'!X8/'주택총조사(거처의종류, 일반,외국인가구, 전체)'!X8 -> 0.2526096 | BL22: =BB22*BG22 -> 2.2641509 | BM22: =BC22*BH22 -> 10.721591 | BN22: =BD22*BI22 -> 11.21447 | BO22: =BE22*BJ22 -> 2.9219144 | BP22: =BF22*BK22 -> 20.713987 | BQ22: =AVERAGE(BL22:BP22) -> 9.5672228 | BR22: =REPS멸실!E7 -> 0 | BS22: =REPS멸실!F7 -> 0 | BT22: =REPS멸실!G7 -> 0 | BU22: =REPS멸실!H7 -> 0 | BV22: =REPS멸실!I7 -> 0 | BW22: =AVERAGE(BR22:BV22) -> 0 | BX22: =SUM(AU22,BQ22,BW22) -> 567.59368 | BY22: =SUM('주택소유통계(다주택자)'!Q8:R8) -> 4483 | BZ22: =SUM('주택소유통계(다주택자)'!U8:V8) -> 4571 | CA22: =SUM('주택소유통계(다주택자)'!Y8:Z8) -> 4689 | CB22: =SUM('주택소유통계(다주택자)'!AC8:AD8) -> 4884 | CC22: =BZ22-BY22 -> 88 | CD22: =CA22-BZ22 -> 118 | CE22: =CB22-CA22 -> 195 | CF22: ='REPS거래량(외지인)'!D8/'REPS거래량(외지인)'!C8 -> 0.46763636 | CG22: ='REPS거래량(외지인)'!I8/'REPS거래량(외지인)'!H8 -> 0.50248756 | CH22: ='REPS거래량(외지인)'!N8/'REPS거래량(외지인)'!M8 -> 0.59981768 | CI22: =REPS단위당실거래!G7 -> 862.8 | CJ22: =REPS단위당실거래!H7 -> 842.4 | CK22: =REPS단위당실거래!I7 -> 834.4 | CL22: 1542 | CM22: 1679 | CN22: 1762.95 | CO22: =CI22/CL22 -> 0.55953307 | CP22: =CJ22/CM22 -> 0.50172722 | CQ22: =CK22/CN22 -> 0.4732976 | CR22: 0.2 | CS22: 0.3 | CT22: 0.5 | CU22: =CC22*CF22*CO22*CR22 -> 4.605181 | CV22: =CD22*CG22*CP22*CS22 -> 8.9247537 | CW22: =CE22*CH22*CQ22*CT22 -> 27.679496 | CX22: =AVERAGE(CU22:CW22) -> 13.736477 | CY22: =REPS분양물량!H7 -> 228 | CZ22: =REPS분양물량!I7 -> 925 | DA22: =REPS분양물량!J7 -> 0 | DB22: =REPS미분양!F7 -> 112 | DC22: =REPS미분양!G7 -> 170 | DD22: =REPS미분양!H7 -> 686 | DE22: =REPS미분양!I7 -> 1019 | DF22: =SUM(CY22,DB22) -> 340 | DG22: =SUM(CZ22,DC22) -> 1095 | DH22: =SUM(DA22,DD22) -> 686 | DI22: =DF22-DC22 -> 170 | DJ22: =DG22-DD22 -> 409 | DK22: =DH22-DE22 -> -333 | DL22: 862.8 | DM22: 842.4 | DN22: 834.4 | DO22: ='REPS분양가(분기단위)'!D7 -> 1542 | DP22: ='REPS분양가(분기단위)'!E7 -> 1679 | DQ22: =DP22*1.05 -> 1762.95 | DR22: =DL22/DO22 -> 0.55953307 | DS22: =DM22/DP22 -> 0.50172722 | DT22: =DN22/DQ22 -> 0.4732976 | DU22: =100%-종합!CF22 -> 0.53236364 | DV22: =100%-종합!CG22 -> 0.49751244 | DW22: =100%-종합!CH22 -> 0.40018232 | DX22: 0.2 | DY22: 0.3 | DZ22: 0.5 | EA22: =DI22*DR22*DU22*DX22 -> 10.127752 | EB22: =DJ22*DS22*DV22*DY22 -> 30.627826 | EC22: =DK22*DT22*DW22*DZ22 -> -31.535987 | ED22: =AVERAGE(EA22:EC22) -> 3.0731969 | EE22: =CX22+ED22 -> 16.809674 | EF22: =BX22+EE22 -> 584.40336 | EG22: =REPS단위당실거래!I7 -> 834.4 | EH22: =DQ22 -> 1762.95 | EI22: =ROUND(EH22*34,-2) -> 59900 | EJ22: =EI22*0.55 -> 32945 | EK22: 6785 | EL22: =FZ22 -> 0.50190854 | EM22: 0.74 | EN22: 0.05 | EO22: =EK22*EL22*EM22*EN22 -> 126.00163 | EP22: =REPS단위당실거래!I7 -> 834.4 | EQ22: =DQ22 -> 1762.95 | ER22: =ROUND(EQ22*34,-2) -> 59900 | ES22: =ER22*0.55 -> 32945 | ET22: 110 | EU22: =FZ22 -> 0.50190854 | EV22: 0.26 | EW22: 0.2 | EX22: =ET22*EU22*EV22*EW22 -> 2.8709169 | EY22: ='주택총조사(주택의종류)'!AZ8 -> 0.6999691 | EZ22: ='주택총조사(주택의종류)'!AS8 -> 0.22704555 | FA22: ='주택총조사(주택의종류)'!BG8 -> 0.056433181 | FB22: =SUM(EZ22:FA22)/EY22 -> 0.40498749 | FC22: =SUM(EO22,EX22)*FB22 -> 52.191769 | FD22: 0.4 | FE22: 0.6 | FF22: =FC22*FD22*FE22 -> 12.526025 | FG22: =SUM(EO22,EX22,FF22) -> 141.39857 | FH22: 0.0394 | FI22: 30 | FJ22: 0.6 | FK22: 0.4 | FL22: =ROUND(EH22*34,-3) -> 60000 | FM22: =ROUND(EH22*34*FJ22,-2) -> 36000 | FN22: =PMT(FH22/12,FI22*12,FM22) -> -170.62657 | FO22: =-ROUND(FN22/FK22,-1)*12 -> 5160 | FP22: 84 | FQ22: 337 | FR22: 3025 | FS22: 4320 | FT22: 2371 | FU22: 2033 | FV22: 1904 | FW22: 4097 | FX22: 2997 | FY22: =SUM(FP22:FX22) -> 21168 | FZ22: =(SUM(FV22:FX22)/FY22)+(FU22/FY22)*0.8 -> 0.50190854 | GA22: =SUM(AO22,BQ22) -> 510.82834 | GB22: 0.3 | GC22: =FZ22 -> 0.50190854 | GD22: =GA22*GB22*GC22 -> 76.916733 | GE22: =SUM(AI22,BW22) -> 56.76534 | GF22: 0.7 | GG22: =FZ22 -> 0.50190854 | GH22: =GE22*GF22*GG22 -> 19.943706 | GI22: =GD22+GH22 -> 96.860439 | GJ22: =CX22 -> 13.736477 | GK22: =ED22 -> 3.0731969 | GL22: =SUM('주택총조사(주택의종류)'!AD8:AF8) -> 30693 | GM22: =REPS미분양!I7 -> 1019 | GN22: =GM22/GL22 -> 0.033199752 | GO22: =LOOKUP(GN22,$GW$25:$GX$28) -> 0.4 | GP22: =SUM(GJ22:GK22)*GO22 -> 6.7238695 | GQ22: =SUM(FG22,GI22,GP22) -> 244.98288 | GR22: =SUM('REPS분양물량+계획'!G7:I7)/3 -> 649.66667 | GS22: =GR22/GQ22 -> 2.651886 | GT22: =LOOKUP(GS22,$GW$16:$GX$20) -> C등급
A23: 강원도 | B23: 양구군 | C23: ='주택총조사(거처의종류, 일반,외국인가구, 전체)'!H9 -> 9076 | D23: ='주택총조사(거처의종류, 일반,외국인가구, 전체)'!K9 -> 8519 | E23: ='주택총조사(거처의종류, 일반,외국인가구, 전체)'!N9 -> 8521 | F23: ='주택총조사(거처의종류, 일반,외국인가구, 전체)'!Q9 -> 8733 | G23: ='주택총조사(거처의종류, 일반,외국인가구, 전체)'!T9 -> 8822 | H23: ='주택총조사(거처의종류, 일반,외국인가구, 전체)'!W9 -> 9027 | I23: =D23-C23-T23 -> 17 | J23: =E23-D23-U23 -> 8 | K23: =F23-E23-V23 -> -46 | L23: =G23-F23-W23 -> -119 | M23: =H23-G23-X23 -> -65 | N23: ='인구총조사(가구, 1인가구)'!D9 -> 3111 | O23: ='인구총조사(가구, 1인가구)'!E9 -> 2537 | P23: ='인구총조사(가구, 1인가구)'!F9 -> 2531 | Q23: ='인구총조사(가구, 1인가구)'!G9 -> 2789 | R23: ='인구총조사(가구, 1인가구)'!H9 -> 2997 | S23: ='인구총조사(가구, 1인가구)'!I9 -> 3267 | T23: =O23-N23 -> -574 | U23: =P23-O23 -> -6 | V23: =Q23-P23 -> 258 | W23: =R23-Q23 -> 208 | X23: =S23-R23 -> 270 | Y23: ='주택총조사(거처의종류, 일반,외국인가구, 아파트)'!K9/'주택총조사(거처의종류, 일반,외국인가구, 전체)'!K9 -> 0.27585397 | Z23: ='주택총조사(거처의종류, 일반,외국인가구, 아파트)'!N9/'주택총조사(거처의종류, 일반,외국인가구, 전체)'!N9 -> 0.27144701 | AA23: ='주택총조사(거처의종류, 일반,외국인가구, 아파트)'!Q9/'주택총조사(거처의종류, 일반,외국인가구, 전체)'!Q9 -> 0.26806367 | AB23: ='주택총조사(거처의종류, 일반,외국인가구, 아파트)'!T9/'주택총조사(거처의종류, 일반,외국인가구, 전체)'!T9 -> 0.26932668 | AC23: ='주택총조사(거처의종류, 일반,외국인가구, 아파트)'!W9/'주택총조사(거처의종류, 일반,외국인가구, 전체)'!W9 -> 0.26154869 | AD23: =I23*Y23 -> 4.6895175 | AE23: =J23*Z23 -> 2.1715761 | AF23: =K23*AA23 -> -12.330929 | AG23: =L23*AB23 -> -32.049875 | AH23: =M23*AC23 -> -17.000665 | AI23: =AVERAGE(AD23:AH23) -> -10.904075 | AJ23: =T23*Y23 -> -158.34018 | AK23: =U23*Z23 -> -1.6286821 | AL23: =V23*AA23 -> 69.160426 | AM23: =W23*AB23 -> 56.01995 | AN23: =X23*AC23 -> 70.618146 | AO23: =AVERAGE(AJ23:AN23) -> 7.1659318 | AP23: =AD23+AJ23 -> -153.65066 | AQ23: =AE23+AK23 -> 0.54289403 | AR23: =AF23+AL23 -> 56.829497 | AS23: =AG23+AM23 -> 23.970075 | AT23: =AH23+AN23 -> 53.617481 | AU23: =AVERAGE(AP23:AT23) -> -3.7381432 | AV23: ='주택총조사(거처의종류, 일반,외국인가구, 전체)'!I9 -> 74 | AW23: ='주택총조사(거처의종류, 일반,외국인가구, 전체)'!L9 -> 81 | AX23: ='주택총조사(거처의종류, 일반,외국인가구, 전체)'!O9 -> 77 | AY23: ='주택총조사(거처의종류, 일반,외국인가구, 전체)'!R9 -> 108 | AZ23: ='주택총조사(거처의종류, 일반,외국인가구, 전체)'!U9 -> 125 | BA23: ='주택총조사(거처의종류, 일반,외국인가구, 전체)'!X9 -> 231 | BB23: =AW23-AV23 -> 7 | BC23: =AX23-AW23 -> -4 | BD23: =AY23-AX23 -> 31 | BE23: =AZ23-AY23 -> 17 | BF23: =BA23-AZ23 -> 106 | BG23: ='주택총조사(거처의종류, 일반,외국인가구, 아파트)'!L9/'주택총조사(거처의종류, 일반,외국인가구, 전체)'!L9 -> 0.12345679 | BH23: ='주택총조사(거처의종류, 일반,외국인가구, 아파트)'!O9/'주택총조사(거처의종류, 일반,외국인가구, 전체)'!O9 -> 0.077922078 | BI23: ='주택총조사(거처의종류, 일반,외국인가구, 아파트)'!R9/'주택총조사(거처의종류, 일반,외국인가구, 전체)'!R9 -> 0.14814815 | BJ23: ='주택총조사(거처의종류, 일반,외국인가구, 아파트)'!U9/'주택총조사(거처의종류, 일반,외국인가구, 전체)'!U9 -> 0.168 | BK23: ='주택총조사(거처의종류, 일반,외국인가구, 아파트)'!X9/'주택총조사(거처의종류, 일반,외국인가구, 전체)'!X9 -> 0.073593074 | BL23: =BB23*BG23 -> 0.86419753 | BM23: =BC23*BH23 -> -0.31168831 | BN23: =BD23*BI23 -> 4.5925926 | BO23: =BE23*BJ23 -> 2.856 | BP23: =BF23*BK23 -> 7.8008658 | BQ23: =AVERAGE(BL23:BP23) -> 3.1603935 | BR23: =REPS멸실!E8 -> 0 | BS23: =REPS멸실!F8 -> 0 | BT23: =REPS멸실!G8 -> 0 | BU23: =REPS멸실!H8 -> 0 | BV23: =REPS멸실!I8 -> 0 | BW23: =AVERAGE(BR23:BV23) -> 0 | BX23: =SUM(AU23,BQ23,BW23) -> -0.57774971 | BY23: =SUM('주택소유통계(다주택자)'!Q9:R9) -> 868 | BZ23: =SUM('주택소유통계(다주택자)'!U9:V9) -> 951 | CA23: =SUM('주택소유통계(다주택자)'!Y9:Z9) -> 987 | CB23: =SUM('주택소유통계(다주택자)'!AC9:AD9) -> 1036 | CC23: =BZ23-BY23 -> 83 | CD23: =CA23-BZ23 -> 36 | CE23: =CB23-CA23 -> 49 | CF23: ='REPS거래량(외지인)'!D9/'REPS거래량(외지인)'!C9 -> 0.92391304 | CG23: ='REPS거래량(외지인)'!I9/'REPS거래량(외지인)'!H9 -> 0.9125 | CH23: ='REPS거래량(외지인)'!N9/'REPS거래량(외지인)'!M9 -> 0.74117647 | CI23: =REPS단위당실거래!G8 -> 539.2 | CJ23: =REPS단위당실거래!H8 -> 544.1 | CK23: =REPS단위당실거래!I8 -> 570 | CL23: 0 | CM23: 0 | CN23: 0 | CO23: 0 | CP23: 0 | CQ23: 0 | CR23: 0.2 | CS23: 0.3 | CT23: 0.5 | CU23: =CC23*CF23*CO23*CR23 -> 0 | CV23: =CD23*CG23*CP23*CS23 -> 0 | CW23: =CE23*CH23*CQ23*CT23 -> 0 | CX23: =AVERAGE(CU23:CW23) -> 0 | CY23: =REPS분양물량!H8 -> 0 | CZ23: =REPS분양물량!I8 -> 0 | DA23: =REPS분양물량!J8 -> 100 | DB23: =REPS미분양!F8 -> 0 | DC23: =REPS미분양!G8 -> 0 | DD23: =REPS미분양!H8 -> 0 | DE23: =REPS미분양!I8 -> 0 | DF23: =SUM(CY23,DB23) -> 0 | DG23: =SUM(CZ23,DC23) -> 0 | DH23: =SUM(DA23,DD23) -> 100 | DI23: =DF23-DC23 -> 0 | DJ23: =DG23-DD23 -> 0 | DK23: =DH23-DE23 -> 100 | DL23: 539.2 | DM23: 544.1 | DN23: 570 | DO23: ='REPS분양가(분기단위)'!D8 -> 0 | DP23: ='REPS분양가(분기단위)'!E8 -> 0 | DQ23: ='REPS분양가(분기단위)'!F8 -> 0 | DR23: =DL23/DO23 -> #DIV/0! | DS23: =DM23/DP23 -> #DIV/0! | DT23: =DN23/DQ23 -> #DIV/0! | DU23: =100%-종합!CF23 -> 0.076086957 | DV23: =100%-종합!CG23 -> 0.0875 | DW23: =100%-종합!CH23 -> 0.25882353 | DX23: 0.2 | DY23: 0.3 | DZ23: 0.5 | EA23: =DI23*DR23*DU23*DX23 -> #DIV/0! | EB23: =DJ23*DS23*DV23*DY23 -> #DIV/0! | EC23: =DK23*DT23*DW23*DZ23 -> #DIV/0! | ED23: =AVERAGE(EA23:EC23) -> #DIV/0! | EE23: =CX23+ED23 -> #DIV/0! | EF23: =BX23+EE23 -> #DIV/0! | EG23: =REPS단위당실거래!I8 -> 570 | EH23: =DQ23 -> 0 | EI23: =ROUND(EH23*34,-2) -> 0 | EJ23: =EI23*0.55 -> 0 | EK23: 0 | EL23: =FZ23 -> 0 | EM23: 0.74 | EN23: 0.05 | EO23: =EK23*EL23*EM23*EN23 -> 0 | EP23: =REPS단위당실거래!I8 -> 570 | EQ23: =DQ23 -> 0 | ER23: =ROUND(EQ23*34,-2) -> 0 | ES23: =ER23*0.55 -> 0 | ET23: 0 | EU23: =FZ23 -> 0 | EV23: 0.26 | EW23: 0.2 | EX23: =ET23*EU23*EV23*EW23 -> 0 | EY23: ='주택총조사(주택의종류)'!AZ9 -> 0.323692 | EZ23: ='주택총조사(주택의종류)'!AS9 -> 0.58335421 | FA23: ='주택총조사(주택의종류)'!BG9 -> 0.061489273 | FB23: =SUM(EZ23:FA23)/EY23 -> 1.9921514 | FC23: =SUM(EO23,EX23)*FB23 -> 0 | FD23: 0.4 | FE23: 0.6 | FF23: =FC23*FD23*FE23 -> 0 | FG23: =SUM(EO23,EX23,FF23) -> 0 | FH23: 0.0394 | FI23: 30 | FJ23: 0.6 | FK23: 0.4 | FL23: =ROUND(EH23*34,-3) -> 0 | FM23: =ROUND(EH23*34*FJ23,-2) -> 0 | FN23: =PMT(FH23/12,FI23*12,FM23) -> 0 | FO23: =-ROUND(FN23/FK23,-1)*12 -> 0 | FP23: - | FQ23: 41 | FR23: 231 | FS23: 486 | FT23: 241 | FU23: 213 | FV23: 200 | FW23: 474 | FX23: 298 | FY23: =SUM(FP23:FX23) -> 2184 | FZ23: 0 | GA23: =SUM(AO23,BQ23) -> 10.326325 | GB23: 0.3 | GC23: =FZ23 -> 0 | GD23: =GA23*GB23*GC23 -> 0 | GE23: =SUM(AI23,BW23) -> -10.904075 | GF23: 0.7 | GG23: =FZ23 -> 0 | GH23: =GE23*GF23*GG23 -> 0 | GI23: =GD23+GH23 -> 0 | GJ23: =CX23 -> 0 | GK23: =ED23 -> #DIV/0! | GL23: =SUM('주택총조사(주택의종류)'!AD9:AF9) -> 3192 | GM23: =REPS미분양!I8 -> 0 | GN23: =GM23/GL23 -> 0 | GO23: =LOOKUP(GN23,$GW$25:$GX$28) -> 1 | GP23: =SUM(GJ23:GK23)*GO23 -> #DIV/0! | GQ23: =SUM(FG23,GI23,GP23) -> #DIV/0! | GR23: =SUM('REPS분양물량+계획'!G8:I8)/3 -> 0 | GS23: =GR23/GQ23 -> #DIV/0! | GT23: =LOOKUP(GS23,$GW$16:$GX$20) -> #DIV/0!
A24: 강원도 | B24: 양양군 | C24: ='주택총조사(거처의종류, 일반,외국인가구, 전체)'!H10 -> 11513 | D24: ='주택총조사(거처의종류, 일반,외국인가구, 전체)'!K10 -> 11934 | E24: ='주택총조사(거처의종류, 일반,외국인가구, 전체)'!N10 -> 12324 | F24: ='주택총조사(거처의종류, 일반,외국인가구, 전체)'!Q10 -> 12651 | G24: ='주택총조사(거처의종류, 일반,외국인가구, 전체)'!T10 -> 12867 | H24: ='주택총조사(거처의종류, 일반,외국인가구, 전체)'!W10 -> 13241 | I24: =D24-C24-T24 -> 204 | J24: =E24-D24-U24 -> 148 | K24: =F24-E24-V24 -> 8 | L24: =G24-F24-W24 -> -58 | M24: =H24-G24-X24 -> -28 | N24: ='인구총조사(가구, 1인가구)'!D10 -> 4035 | O24: ='인구총조사(가구, 1인가구)'!E10 -> 4252 | P24: ='인구총조사(가구, 1인가구)'!F10 -> 4494 | Q24: ='인구총조사(가구, 1인가구)'!G10 -> 4813 | R24: ='인구총조사(가구, 1인가구)'!H10 -> 5087 | S24: ='인구총조사(가구, 1인가구)'!I10 -> 5489 | T24: =O24-N24 -> 217 | U24: =P24-O24 -> 242 | V24: =Q24-P24 -> 319 | W24: =R24-Q24 -> 274 | X24: =S24-R24 -> 402 | Y24: ='주택총조사(거처의종류, 일반,외국인가구, 아파트)'!K10/'주택총조사(거처의종류, 일반,외국인가구, 전체)'!K10 -> 0.23856209 | Z24: ='주택총조사(거처의종류, 일반,외국인가구, 아파트)'!N10/'주택총조사(거처의종류, 일반,외국인가구, 전체)'!N10 -> 0.25811425 | AA24: ='주택총조사(거처의종류, 일반,외국인가구, 아파트)'!Q10/'주택총조사(거처의종류, 일반,외국인가구, 전체)'!Q10 -> 0.26740969 | AB24: ='주택총조사(거처의종류, 일반,외국인가구, 아파트)'!T10/'주택총조사(거처의종류, 일반,외국인가구, 전체)'!T10 -> 0.26766146 | AC24: ='주택총조사(거처의종류, 일반,외국인가구, 아파트)'!W10/'주택총조사(거처의종류, 일반,외국인가구, 전체)'!W10 -> 0.25889283 | AD24: =I24*Y24 -> 48.666667 | AE24: =J24*Z24 -> 38.200909 | AF24: =K24*AA24 -> 2.1392775 | AG24: =L24*AB24 -> -15.524365 | AH24: =M24*AC24 -> -7.2489993 | AI24: =AVERAGE(AD24:AH24) -> 13.246698 | AJ24: =T24*Y24 -> 51.767974 | AK24: =U24*Z24 -> 62.463648 | AL24: =V24*AA24 -> 85.303691 | AM24: =W24*AB24 -> 73.33924 | AN24: =X24*AC24 -> 104.07492 | AO24: =AVERAGE(AJ24:AN24) -> 75.389894 | AP24: =AD24+AJ24 -> 100.43464 | AQ24: =AE24+AK24 -> 100.66456 | AR24: =AF24+AL24 -> 87.442969 | AS24: =AG24+AM24 -> 57.814875 | AT24: =AH24+AN24 -> 96.825919 | AU24: =AVERAGE(AP24:AT24) -> 88.636592 | AV24: ='주택총조사(거처의종류, 일반,외국인가구, 전체)'!I10 -> 104 | AW24: ='주택총조사(거처의종류, 일반,외국인가구, 전체)'!L10 -> 101 | AX24: ='주택총조사(거처의종류, 일반,외국인가구, 전체)'!O10 -> 107 | AY24: ='주택총조사(거처의종류, 일반,외국인가구, 전체)'!R10 -> 124 | AZ24: ='주택총조사(거처의종류, 일반,외국인가구, 전체)'!U10 -> 127 | BA24: ='주택총조사(거처의종류, 일반,외국인가구, 전체)'!X10 -> 165 | BB24: =AW24-AV24 -> -3 | BC24: =AX24-AW24 -> 6 | BD24: =AY24-AX24 -> 17 | BE24: =AZ24-AY24 -> 3 | BF24: =BA24-AZ24 -> 38 | BG24: ='주택총조사(거처의종류, 일반,외국인가구, 아파트)'!L10/'주택총조사(거처의종류, 일반,외국인가구, 전체)'!L10 -> 0.12871287 | BH24: ='주택총조사(거처의종류, 일반,외국인가구, 아파트)'!O10/'주택총조사(거처의종류, 일반,외국인가구, 전체)'!O10 -> 0.17757009 | BI24: ='주택총조사(거처의종류, 일반,외국인가구, 아파트)'!R10/'주택총조사(거처의종류, 일반,외국인가구, 전체)'!R10 -> 0.21774194 | BJ24: ='주택총조사(거처의종류, 일반,외국인가구, 아파트)'!U10/'주택총조사(거처의종류, 일반,외국인가구, 전체)'!U10 -> 0.18110236 | BK24: ='주택총조사(거처의종류, 일반,외국인가구, 아파트)'!X10/'주택총조사(거처의종류, 일반,외국인가구, 전체)'!X10 -> 0.18181818 | BL24: =BB24*BG24 -> -0.38613861 | BM24: =BC24*BH24 -> 1.0654206 | BN24: =BD24*BI24 -> 3.7016129 | BO24: =BE24*BJ24 -> 0.54330709 | BP24: =BF24*BK24 -> 6.9090909 | BQ24: =AVERAGE(BL24:BP24) -> 2.3666586 | BR24: =REPS멸실!E9 -> 0 | BS24: =REPS멸실!F9 -> 0 | BT24: =REPS멸실!G9 -> 0 | BU24: =REPS멸실!H9 -> 0 | BV24: =REPS멸실!I9 -> 0 | BW24: =AVERAGE(BR24:BV24) -> 0 | BX24: =SUM(AU24,BQ24,BW24) -> 91.003251 | BY24: =SUM('주택소유통계(다주택자)'!Q10:R10) -> 2084 | BZ24: =SUM('주택소유통계(다주택자)'!U10:V10) -> 2031 | CA24: =SUM('주택소유통계(다주택자)'!Y10:Z10) -> 2074 | CB24: =SUM('주택소유통계(다주택자)'!AC10:AD10) -> 2227 | CC24: =BZ24-BY24 -> -53 | CD24: =CA24-BZ24 -> 43 | CE24: =CB24-CA24 -> 153 | CF24: ='REPS거래량(외지인)'!D10/'REPS거래량(외지인)'!C10 -> 0.35208711 | CG24: ='REPS거래량(외지인)'!I10/'REPS거래량(외지인)'!H10 -> 0.38797814 | CH24: ='REPS거래량(외지인)'!N10/'REPS거래량(외지인)'!M10 -> 0.47142857 | CI24: =REPS단위당실거래!G9 -> 746.5 | CJ24: =REPS단위당실거래!H9 -> 746.9 | CK24: =REPS단위당실거래!I9 -> 732.4 | CL24: 1132 | CM24: 1188.6 | CN24: 1248.03 | CO24: 0 | CP24: =CJ24/CM24 -> 0.62838634 | CQ24: =CK24/CN24 -> 0.58684487 | CR24: 0.2 | CS24: 0.3 | CT24: 0.5 | CU24: =CC24*CF24*CO24*CR24 -> 0 | CV24: =CD24*CG24*CP24*CS24 -> 3.1450221 | CW24: =CE24*CH24*CQ24*CT24 -> 21.164141 | CX24: =AVERAGE(CU24:CW24) -> 8.1030544 | CY24: =REPS분양물량!H9 -> 209 | CZ24: =REPS분양물량!I9 -> 279 | DA24: =REPS분양물량!J9 -> 0 | DB24: =REPS미분양!F9 -> 0 | DC24: =REPS미분양!G9 -> 70 | DD24: =REPS미분양!H9 -> 130 | DE24: =REPS미분양!I9 -> 88 | DF24: =SUM(CY24,DB24) -> 209 | DG24: =SUM(CZ24,DC24) -> 349 | DH24: =SUM(DA24,DD24) -> 130 | DI24: =DF24-DC24 -> 139 | DJ24: =DG24-DD24 -> 219 | DK24: =DH24-DE24 -> 42 | DL24: 746.5 | DM24: 746.9 | DN24: 732.4 | DO24: ='REPS분양가(분기단위)'!D9 -> 1132 | DP24: =DO24*1.05 -> 1188.6 | DQ24: =DP24*1.05 -> 1248.03 | DR24: =DL24/DO24 -> 0.6594523 | DS24: =DM24/DP24 -> 0.62838634 | DT24: =DN24/DQ24 -> 0.58684487 | DU24: =100%-종합!CF24 -> 0.64791289 | DV24: =100%-종합!CG24 -> 0.61202186 | DW24: =100%-종합!CH24 -> 0.52857143 | DX24: 0.2 | DY24: 0.3 | DZ24: 0.5 | EA24: =DI24*DR24*DU24*DX24 -> 11.87804 | EB24: =DJ24*DS24*DV24*DY24 -> 25.267312 | EC24: =DK24*DT24*DW24*DZ24 -> 6.513978 | ED24: =AVERAGE(EA24:EC24) -> 14.55311 | EE24: =CX24+ED24 -> 22.656164 | EF24: =BX24+EE24 -> 113.65942 | EG24: =REPS단위당실거래!I9 -> 732.4 | EH24: =DQ24 -> 1248.03 | EI24: =ROUND(EH24*34,-2) -> 42400 | EJ24: =EI24*0.55 -> 23320 | EK24: 1717 | EL24: =FZ24 -> 0.6994311 | EM24: 0.74 | EN24: 0.05 | EO24: =EK24*EL24*EM24*EN24 -> 44.434158 | EP24: =REPS단위당실거래!I9 -> 732.4 | EQ24: =DQ24 -> 1248.03 | ER24: =ROUND(EQ24*34,-2) -> 42400 | ES24: =ER24*0.55 -> 23320 | ET24: 1141 | EU24: =FZ24 -> 0.6994311 | EV24: 0.26 | EW24: 0.2 | EX24: =ET24*EU24*EV24*EW24 -> 41.498646 | EY24: ='주택총조사(주택의종류)'!AZ10 -> 0.33598436 | EZ24: ='주택총조사(주택의종류)'!AS10 -> 0.57496125 | FA24: ='주택총조사(주택의종류)'!BG10 -> 0.057561225 | FB24: =SUM(EZ24:FA24)/EY24 -> 1.882595 | FC24: =SUM(EO24,EX24)*FB24 -> 161.77667 | FD24: 0.4 | FE24: 0.6 | FF24: =FC24*FD24*FE24 -> 38.826401 | FG24: =SUM(EO24,EX24,FF24) -> 124.7592 | FH24: 0.0394 | FI24: 30 | FJ24: 0.6 | FK24: 0.4 | FL24: =ROUND(EH24*34,-3) -> 42000 | FM24: =ROUND(EH24*34*FJ24,-2) -> 25500 | FN24: =PMT(FH24/12,FI24*12,FM24) -> -120.86049 | FO24: =-ROUND(FN24/FK24,-1)*12 -> 3600 | FP24: - | FQ24: 48 | FR24: 486 | FS24: 695 | FT24: 377 | FU24: 337 | FV24: 259 | FW24: 550 | FX24: 412 | FY24: =SUM(FP24:FX24) -> 3164 | FZ24: =(SUM(FT24:FX24)/FY24)+(FS24/FY24)*0.4 -> 0.6994311 | GA24: =SUM(AO24,BQ24) -> 77.756553 | GB24: 0.3 | GC24: =FZ24 -> 0.6994311 | GD24: =GA24*GB24*GC24 -> 16.315605 | GE24: =SUM(AI24,BW24) -> 13.246698 | GF24: 0.7 | GG24: =FZ24 -> 0.6994311 | GH24: =GE24*GF24*GG24 -> 6.4856067 | GI24: =GD24+GH24 -> 22.801212 | GJ24: =CX24 -> 8.1030544 | GK24: =ED24 -> 14.55311 | GL24: =SUM('주택총조사(주택의종류)'!AD10:AF10) -> 5923 | GM24: =REPS미분양!I9 -> 88 | GN24: =GM24/GL24 -> 0.014857336 | GO24: =LOOKUP(GN24,$GW$25:$GX$28) -> 0.6 | GP24: =SUM(GJ24:GK24)*GO24 -> 13.593699 | GQ24: =SUM(FG24,GI24,GP24) -> 161.15412 | GR24: =SUM('REPS분양물량+계획'!G9:I9)/3 -> 93 | GS24: =GR24/GQ24 -> 0.57708734 | GT24: =LOOKUP(GS24,$GW$16:$GX$20) -> A등급 | GV24: 미분양수준보정
A25: 강원도 | B25: 영월군 | C25: ='주택총조사(거처의종류, 일반,외국인가구, 전체)'!H11 -> 16642 | D25: ='주택총조사(거처의종류, 일반,외국인가구, 전체)'!K11 -> 16608 | E25: ='주택총조사(거처의종류, 일반,외국인가구, 전체)'!N11 -> 17069 | F25: ='주택총조사(거처의종류, 일반,외국인가구, 전체)'!Q11 -> 17190 | G25: ='주택총조사(거처의종류, 일반,외국인가구, 전체)'!T11 -> 17555 | H25: ='주택총조사(거처의종류, 일반,외국인가구, 전체)'!W11 -> 18013 | I25: =D25-C25-T25 -> -66 | J25: =E25-D25-U25 -> 23 | K25: =F25-E25-V25 -> -80 | L25: =G25-F25-W25 -> -16 | M25: =H25-G25-X25 -> -76 | N25: ='인구총조사(가구, 1인가구)'!D11 -> 6035 | O25: ='인구총조사(가구, 1인가구)'!E11 -> 6067 | P25: ='인구총조사(가구, 1인가구)'!F11 -> 6505 | Q25: ='인구총조사(가구, 1인가구)'!G11 -> 6706 | R25: ='인구총조사(가구, 1인가구)'!H11 -> 7087 | S25: ='인구총조사(가구, 1인가구)'!I11 -> 7621 | T25: =O25-N25 -> 32 | U25: =P25-O25 -> 438 | V25: =Q25-P25 -> 201 | W25: =R25-Q25 -> 381 | X25: =S25-R25 -> 534 | Y25: ='주택총조사(거처의종류, 일반,외국인가구, 아파트)'!K11/'주택총조사(거처의종류, 일반,외국인가구, 전체)'!K11 -> 0.19382225 | Z25: ='주택총조사(거처의종류, 일반,외국인가구, 아파트)'!N11/'주택총조사(거처의종류, 일반,외국인가구, 전체)'!N11 -> 0.20405413 | AA25: ='주택총조사(거처의종류, 일반,외국인가구, 아파트)'!Q11/'주택총조사(거처의종류, 일반,외국인가구, 전체)'!Q11 -> 0.22536358 | AB25: ='주택총조사(거처의종류, 일반,외국인가구, 아파트)'!T11/'주택총조사(거처의종류, 일반,외국인가구, 전체)'!T11 -> 0.22660211 | AC25: ='주택총조사(거처의종류, 일반,외국인가구, 아파트)'!W11/'주택총조사(거처의종류, 일반,외국인가구, 전체)'!W11 -> 0.22561483 | AD25: =I25*Y25 -> -12.792269 | AE25: =J25*Z25 -> 4.6932451 | AF25: =K25*AA25 -> -18.029087 | AG25: =L25*AB25 -> -3.6256337 | AH25: =M25*AC25 -> -17.146727 | AI25: =AVERAGE(AD25:AH25) -> -9.3800943 | AJ25: =T25*Y25 -> 6.2023121 | AK25: =U25*Z25 -> 89.37571 | AL25: =V25*AA25 -> 45.29808 | AM25: =W25*AB25 -> 86.335403 | AN25: =X25*AC25 -> 120.47832 | AO25: =AVERAGE(AJ25:AN25) -> 69.537965 | AP25: =AD25+AJ25 -> -6.5899566 | AQ25: =AE25+AK25 -> 94.068955 | AR25: =AF25+AL25 -> 27.268994 | AS25: =AG25+AM25 -> 82.709769 | AT25: =AH25+AN25 -> 103.33159 | AU25: =AVERAGE(AP25:AT25) -> 60.157871 | AV25: ='주택총조사(거처의종류, 일반,외국인가구, 전체)'!I11 -> 91 | AW25: ='주택총조사(거처의종류, 일반,외국인가구, 전체)'!L11 -> 101 | AX25: ='주택총조사(거처의종류, 일반,외국인가구, 전체)'!O11 -> 87 | AY25: ='주택총조사(거처의종류, 일반,외국인가구, 전체)'!R11 -> 97 | AZ25: ='주택총조사(거처의종류, 일반,외국인가구, 전체)'!U11 -> 105 | BA25: ='주택총조사(거처의종류, 일반,외국인가구, 전체)'!X11 -> 152 | BB25: =AW25-AV25 -> 10 | BC25: =AX25-AW25 -> -14 | BD25: =AY25-AX25 -> 10 | BE25: =AZ25-AY25 -> 8 | BF25: =BA25-AZ25 -> 47 | BG25: ='주택총조사(거처의종류, 일반,외국인가구, 아파트)'!L11/'주택총조사(거처의종류, 일반,외국인가구, 전체)'!L11 -> 0.20792079 | BH25: ='주택총조사(거처의종류, 일반,외국인가구, 아파트)'!O11/'주택총조사(거처의종류, 일반,외국인가구, 전체)'!O11 -> 0.17241379 | BI25: ='주택총조사(거처의종류, 일반,외국인가구, 아파트)'!R11/'주택총조사(거처의종류, 일반,외국인가구, 전체)'!R11 -> 0.13402062 | BJ25: ='주택총조사(거처의종류, 일반,외국인가구, 아파트)'!U11/'주택총조사(거처의종류, 일반,외국인가구, 전체)'!U11 -> 0.15238095 | BK25: ='주택총조사(거처의종류, 일반,외국인가구, 아파트)'!X11/'주택총조사(거처의종류, 일반,외국인가구, 전체)'!X11 -> 0.13157895 | BL25: =BB25*BG25 -> 2.0792079 | BM25: =BC25*BH25 -> -2.4137931 | BN25: =BD25*BI25 -> 1.3402062 | BO25: =BE25*BJ25 -> 1.2190476 | BP25: =BF25*BK25 -> 6.1842105 | BQ25: =AVERAGE(BL25:BP25) -> 1.6817758 | BR25: =REPS멸실!E10 -> 0 | BS25: =REPS멸실!F10 -> 0 | BT25: =REPS멸실!G10 -> 0 | BU25: =REPS멸실!H10 -> 0 | BV25: =REPS멸실!I10 -> 0 | BW25: =AVERAGE(BR25:BV25) -> 0 | BX25: =SUM(AU25,BQ25,BW25) -> 61.839647 | BY25: =SUM('주택소유통계(다주택자)'!Q11:R11) -> 2453 | BZ25: =SUM('주택소유통계(다주택자)'!U11:V11) -> 2547 | CA25: =SUM('주택소유통계(다주택자)'!Y11:Z11) -> 2659 | CB25: =SUM('주택소유통계(다주택자)'!AC11:AD11) -> 2757 | CC25: =BZ25-BY25 -> 94 | CD25: =CA25-BZ25 -> 112 | CE25: =CB25-CA25 -> 98 | CF25: ='REPS거래량(외지인)'!D11/'REPS거래량(외지인)'!C11 -> 0.70198675 | CG25: ='REPS거래량(외지인)'!I11/'REPS거래량(외지인)'!H11 -> 0.66666667 | CH25: ='REPS거래량(외지인)'!N11/'REPS거래량(외지인)'!M11 -> 0.68493151 | CI25: =REPS단위당실거래!G10 -> 507.6 | CJ25: =REPS단위당실거래!H10 -> 528 | CK25: =REPS단위당실거래!I10 -> 577.3 | CL25: 0 | CM25: 0 | CN25: 0 | CO25: 0 | CP25: 0 | CQ25: 0 | CR25: 0.2 | CS25: 0.3 | CT25: 0.5 | CU25: =CC25*CF25*CO25*CR25 -> 0 | CV25: =CD25*CG25*CP25*CS25 -> 0 | CW25: =CE25*CH25*CQ25*CT25 -> 0 | CX25: =AVERAGE(CU25:CW25) -> 0 | CY25: =REPS분양물량!H10 -> 0 | CZ25: =REPS분양물량!I10 -> 0 | DA25: =REPS분양물량!J10 -> 0 | DB25: =REPS미분양!F10 -> 9 | DC25: =REPS미분양!G10 -> 0 | DD25: =REPS미분양!H10 -> 0 | DE25: =REPS미분양!I10 -> 0 | DF25: =SUM(CY25,DB25) -> 9 | DG25: =SUM(CZ25,DC25) -> 0 | DH25: =SUM(DA25,DD25) -> 0 | DI25: =DF25-DC25 -> 9 | DJ25: =DG25-DD25 -> 0 | DK25: =DH25-DE25 -> 0 | DL25: 507.6 | DM25: 528 | DN25: 577.3 | DO25: ='REPS분양가(분기단위)'!D10 -> 0 | DP25: ='REPS분양가(분기단위)'!E10 -> 0 | DQ25: ='REPS분양가(분기단위)'!F10 -> 0 | DR25: =DL25/DO25 -> #DIV/0! | DS25: =DM25/DP25 -> #DIV/0! | DT25: =DN25/DQ25 -> #DIV/0! | DU25: =100%-종합!CF25 -> 0.29801325 | DV25: =100%-종합!CG25 -> 0.33333333 | DW25: =100%-종합!CH25 -> 0.31506849 | DX25: 0.2 | DY25: 0.3 | DZ25: 0.5 | EA25: =DI25*DR25*DU25*DX25 -> #DIV/0! | EB25: =DJ25*DS25*DV25*DY25 -> #DIV/0! | EC25: =DK25*DT25*DW25*DZ25 -> #DIV/0! | ED25: =AVERAGE(EA25:EC25) -> #DIV/0! | EE25: =CX25+ED25 -> #DIV/0! | EF25: =BX25+EE25 -> #DIV/0! | EG25: =REPS단위당실거래!I10 -> 577.3 | EH25: =DQ25 -> 0 | EI25: =ROUND(EH25*34,-2) -> 0 | EJ25: =EI25*0.55 -> 0 | EK25: 0 | EL25: =FZ25 -> 0 | EM25: 0.74 | EN25: 0.05 | EO25: =EK25*EL25*EM25*EN25 -> 0 | EP25: =REPS단위당실거래!I10 -> 577.3 | EQ25: =DQ25 -> 0 | ER25: =ROUND(EQ25*34,-2) -> 0 | ES25: =ER25*0.55 -> 0 | ET25: 0 | EU25: =FZ25 -> 0 | EV25: 0.26 | EW25: 0.2 | EX25: =ET25*EU25*EV25*EW25 -> 0 | EY25: ='주택총조사(주택의종류)'!AZ11 -> 0.24144821 | EZ25: ='주택총조사(주택의종류)'!AS11 -> 0.65165085 | FA25: ='주택총조사(주택의종류)'!BG11 -> 0.084538388 | FB25: =SUM(EZ25:FA25)/EY25 -> 3.0490565 | FC25: =SUM(EO25,EX25)*FB25 -> 0 | FD25: 0.4 | FE25: 0.6 | FF25: =FC25*FD25*FE25 -> 0 | FG25: =SUM(EO25,EX25,FF25) -> 0 | FH25: 0.0394 | FI25: 30 | FJ25: 0.6 | FK25: 0.4 | FL25: =ROUND(EH25*34,-3) -> 0 | FM25: =ROUND(EH25*34*FJ25,-2) -> 0 | FN25: =PMT(FH25/12,FI25*12,FM25) -> 0 | FO25: =-ROUND(FN25/FK25,-1)*12 -> 0 | FP25: - | FQ25: 57 | FR25: 508 | FS25: 777 | FT25: 436 | FU25: 357 | FV25: 308 | FW25: 656 | FX25: 523 | FY25: =SUM(FP25:FX25) -> 3622 | FZ25: 0 | GA25: =SUM(AO25,BQ25) -> 71.219741 | GB25: 0.3 | GC25: =FZ25 -> 0 | GD25: =GA25*GB25*GC25 -> 0 | GE25: =SUM(AI25,BW25) -> -9.3800943 | GF25: 0.7 | GG25: =FZ25 -> 0 | GH25: =GE25*GF25*GG25 -> 0 | GI25: =GD25+GH25 -> 0 | GJ25: =CX25 -> 0 | GK25: =ED25 -> #DIV/0! | GL25: =SUM('주택총조사(주택의종류)'!AD11:AF11) -> 6290 | GM25: =REPS미분양!I10 -> 0 | GN25: =GM25/GL25 -> 0 | GO25: =LOOKUP(GN25,$GW$25:$GX$28) -> 1 | GP25: =SUM(GJ25:GK25)*GO25 -> #DIV/0! | GQ25: =SUM(FG25,GI25,GP25) -> #DIV/0! | GR25: =SUM('REPS분양물량+계획'!G10:I10)/3 -> 0 | GS25: =GR25/GQ25 -> #DIV/0! | GT25: =LOOKUP(GS25,$GW$16:$GX$20) -> #DIV/0! | GV25: 0%~0.5%미만 | GW25: 0 | GX25: 1
A26: 강원도 | B26: 원주시 | C26: ='주택총조사(거처의종류, 일반,외국인가구, 전체)'!H12 -> 137823 | D26: ='주택총조사(거처의종류, 일반,외국인가구, 전체)'!K12 -> 142352 | E26: ='주택총조사(거처의종류, 일반,외국인가구, 전체)'!N12 -> 150242 | F26: ='주택총조사(거처의종류, 일반,외국인가구, 전체)'!Q12 -> 155108 | G26: ='주택총조사(거처의종류, 일반,외국인가구, 전체)'!T12 -> 159208 | H26: ='주택총조사(거처의종류, 일반,외국인가구, 전체)'!W12 -> 162343 | I26: =D26-C26-T26 -> 1940 | J26: =E26-D26-U26 -> 2158 | K26: =F26-E26-V26 -> 1093 | L26: =G26-F26-W26 -> 1287 | M26: =H26-G26-X26 -> 50 | N26: ='인구총조사(가구, 1인가구)'!D12 -> 43619 | O26: ='인구총조사(가구, 1인가구)'!E12 -> 46208 | P26: ='인구총조사(가구, 1인가구)'!F12 -> 51940 | Q26: ='인구총조사(가구, 1인가구)'!G12 -> 55713 | R26: ='인구총조사(가구, 1인가구)'!H12 -> 58526 | S26: ='인구총조사(가구, 1인가구)'!I12 -> 61611 | T26: =O26-N26 -> 2589 | U26: =P26-O26 -> 5732 | V26: =Q26-P26 -> 3773 | W26: =R26-Q26 -> 2813 | X26: =S26-R26 -> 3085 | Y26: ='주택총조사(거처의종류, 일반,외국인가구, 아파트)'!K12/'주택총조사(거처의종류, 일반,외국인가구, 전체)'!K12 -> 0.62105204 | Z26: ='주택총조사(거처의종류, 일반,외국인가구, 아파트)'!N12/'주택총조사(거처의종류, 일반,외국인가구, 전체)'!N12 -> 0.62514477 | AA26: ='주택총조사(거처의종류, 일반,외국인가구, 아파트)'!Q12/'주택총조사(거처의종류, 일반,외국인가구, 전체)'!Q12 -> 0.6292003 | AB26: ='주택총조사(거처의종류, 일반,외국인가구, 아파트)'!T12/'주택총조사(거처의종류, 일반,외국인가구, 전체)'!T12 -> 0.63676448 | AC26: ='주택총조사(거처의종류, 일반,외국인가구, 아파트)'!W12/'주택총조사(거처의종류, 일반,외국인가구, 전체)'!W12 -> 0.63938082 | AD26: =I26*Y26 -> 1204.841 | AE26: =J26*Z26 -> 1349.0624 | AF26: =K26*AA26 -> 687.71593 | AG26: =L26*AB26 -> 819.51589 | AH26: =M26*AC26 -> 31.969041 | AI26: =AVERAGE(AD26:AH26) -> 818.62084 | AJ26: =T26*Y26 -> 1607.9037 | AK26: =U26*Z26 -> 3583.3298 | AL26: =V26*AA26 -> 2373.9727 | AM26: =W26*AB26 -> 1791.2185 | AN26: =X26*AC26 -> 1972.4898 | AO26: =AVERAGE(AJ26:AN26) -> 2265.7829 | AP26: =AD26+AJ26 -> 2812.7447 | AQ26: =AE26+AK26 -> 4932.3922 | AR26: =AF26+AL26 -> 3061.6887 | AS26: =AG26+AM26 -> 2610.7344 | AT26: =AH26+AN26 -> 2004.4589 | AU26: =AVERAGE(AP26:AT26) -> 3084.4038 | AV26: ='주택총조사(거처의종류, 일반,외국인가구, 전체)'!I12 -> 1067 | AW26: ='주택총조사(거처의종류, 일반,외국인가구, 전체)'!L12 -> 1256 | AX26: ='주택총조사(거처의종류, 일반,외국인가구, 전체)'!O12 -> 1332 | AY26: ='주택총조사(거처의종류, 일반,외국인가구, 전체)'!R12 -> 1415 | AZ26: ='주택총조사(거처의종류, 일반,외국인가구, 전체)'!U12 -> 1703 | BA26: ='주택총조사(거처의종류, 일반,외국인가구, 전체)'!X12 -> 2003 | BB26: =AW26-AV26 -> 189 | BC26: =AX26-AW26 -> 76 | BD26: =AY26-AX26 -> 83 | BE26: =AZ26-AY26 -> 288 | BF26: =BA26-AZ26 -> 300 | BG26: ='주택총조사(거처의종류, 일반,외국인가구, 아파트)'!L12/'주택총조사(거처의종류, 일반,외국인가구, 전체)'!L12 -> 0.28264331 | BH26: ='주택총조사(거처의종류, 일반,외국인가구, 아파트)'!O12/'주택총조사(거처의종류, 일반,외국인가구, 전체)'!O12 -> 0.30255255 | BI26: ='주택총조사(거처의종류, 일반,외국인가구, 아파트)'!R12/'주택총조사(거처의종류, 일반,외국인가구, 전체)'!R12 -> 0.25936396 | BJ26: ='주택총조사(거처의종류, 일반,외국인가구, 아파트)'!U12/'주택총조사(거처의종류, 일반,외국인가구, 전체)'!U12 -> 0.26717557 | BK26: ='주택총조사(거처의종류, 일반,외국인가구, 아파트)'!X12/'주택총조사(거처의종류, 일반,외국인가구, 전체)'!X12 -> 0.27558662 | BL26: =BB26*BG26 -> 53.419586 | BM26: =BC26*BH26 -> 22.993994 | BN26: =BD26*BI26 -> 21.527208 | BO26: =BE26*BJ26 -> 76.946565 | BP26: =BF26*BK26 -> 82.675986 | BQ26: =AVERAGE(BL26:BP26) -> 51.512668 | BR26: =REPS멸실!E11 -> 0 | BS26: =REPS멸실!F11 -> 0 | BT26: =REPS멸실!G11 -> 0 | BU26: =REPS멸실!H11 -> 0 | BV26: =REPS멸실!I11 -> 0 | BW26: =AVERAGE(BR26:BV26) -> 0 | BX26: =SUM(AU26,BQ26,BW26) -> 3135.9164 | BY26: =SUM('주택소유통계(다주택자)'!Q12:R12) -> 16702 | BZ26: =SUM('주택소유통계(다주택자)'!U12:V12) -> 16119 | CA26: =SUM('주택소유통계(다주택자)'!Y12:Z12) -> 16252 | CB26: =SUM('주택소유통계(다주택자)'!AC12:AD12) -> 16864 | CC26: =BZ26-BY26 -> -583 | CD26: =CA26-BZ26 -> 133 | CE26: =CB26-CA26 -> 612 | CF26: ='REPS거래량(외지인)'!D12/'REPS거래량(외지인)'!C12 -> 0.49215871 | CG26: ='REPS거래량(외지인)'!I12/'REPS거래량(외지인)'!H12 -> 0.57250471 | CH26: ='REPS거래량(외지인)'!N12/'REPS거래량(외지인)'!M12 -> 0.73402624 | CI26: =REPS단위당실거래!G11 -> 724.2 | CJ26: =REPS단위당실거래!H11 -> 719.2 | CK26: =REPS단위당실거래!I11 -> 727.7 | CL26: 1310 | CM26: 1374 | CN26: 1308 | CO26: =CI26/CL26 -> 0.55282443 | CP26: =CJ26/CM26 -> 0.52343523 | CQ26: =CK26/CN26 -> 0.55634557 | CR26: 0.2 | CS26: 0.3 | CT26: 0.5 | CU26: =CC26*CF26*CO26*CR26 -> -31.72422 | CV26: =CD26*CG26*CP26*CS26 -> 11.956798 | CW26: =CE26*CH26*CQ26*CT26 -> 124.96191 | CX26: =AVERAGE(CU26:CW26) -> 35.064828 | CY26: =REPS분양물량!H11 -> 6373 | CZ26: =REPS분양물량!I11 -> 2193 | DA26: =REPS분양물량!J11 -> 1724 | DB26: =REPS미분양!F11 -> 0 | DC26: =REPS미분양!G11 -> 1255 | DD26: =REPS미분양!H11 -> 1410 | DE26: =REPS미분양!I11 -> 1228 | DF26: =SUM(CY26,DB26) -> 6373 | DG26: =SUM(CZ26,DC26) -> 3448 | DH26: =SUM(DA26,DD26) -> 3134 | DI26: =DF26-DC26 -> 5118 | DJ26: =DG26-DD26 -> 2038 | DK26: =DH26-DE26 -> 1906 | DL26: 724.2 | DM26: 719.2 | DN26: 727.7 | DO26: ='REPS분양가(분기단위)'!D11 -> 1310 | DP26: ='REPS분양가(분기단위)'!E11 -> 1374 | DQ26: ='REPS분양가(분기단위)'!F11 -> 1308 | DR26: =DL26/DO26 -> 0.55282443 | DS26: =DM26/DP26 -> 0.52343523 | DT26: =DN26/DQ26 -> 0.55634557 | DU26: =100%-종합!CF26 -> 0.50784129 | DV26: =100%-종합!CG26 -> 0.42749529 | DW26: =100%-종합!CH26 -> 0.26597376 | DX26: 0.2 | DY26: 0.3 | DZ26: 0.5 | EA26: =DI26*DR26*DU26*DX26 -> 287.3727 | EB26: =DJ26*DS26*DV26*DY26 -> 136.81059 | EC26: =DK26*DT26*DW26*DZ26 -> 141.01858 | ED26: =AVERAGE(EA26:EC26) -> 188.40062 | EE26: =CX26+ED26 -> 223.46545 | EF26: =BX26+EE26 -> 3359.3819 | EG26: =REPS단위당실거래!I11 -> 727.7 | EH26: =DQ26 -> 1308 | EI26: =ROUND(EH26*34,-2) -> 44500 | EJ26: =EI26*0.55 -> 24475 | EK26: 32351 | EL26: =FZ26 -> 0.73652008 | EM26: 0.74 | EN26: 0.05 | EO26: =EK26*EL26*EM26*EN26 -> 881.60497 | EP26: =REPS단위당실거래!I11 -> 727.7 | EQ26: =DQ26 -> 1308 | ER26: =ROUND(EQ26*34,-2) -> 44500 | ES26: =ER26*0.55 -> 24475 | ET26: 13572 | EU26: =FZ26 -> 0.73652008 | EV26: 0.26 | EW26: 0.2 | EX26: =ET26*EU26*EV26*EW26 -> 519.79463 | EY26: ='주택총조사(주택의종류)'!AZ12 -> 0.75484345 | EZ26: ='주택총조사(주택의종류)'!AS12 -> 0.21752727 | FA26: ='주택총조사(주택의종류)'!BG12 -> 0.017103253 | FB26: =SUM(EZ26:FA26)/EY26 -> 0.31083336 | FC26: =SUM(EO26,EX26)*FB26 -> 435.60175 | FD26: 0.4 | FE26: 0.6 | FF26: =FC26*FD26*FE26 -> 104.54442 | FG26: =SUM(EO26,EX26,FF26) -> 1505.944 | FH26: 0.0394 | FI26: 30 | FJ26: 0.6 | FK26: 0.4 | FL26: =ROUND(EH26*34,-3) -> 44000 | FM26: =ROUND(EH26*34*FJ26,-2) -> 26700 | FN26: =PMT(FH26/12,FI26*12,FM26) -> -126.54804 | FO26: =-ROUND(FN26/FK26,-1)*12 -> 3840 | FP26: 393 | FQ26: 1202 | FR26: 9970 | FS26: 15839 | FT26: 9496 | FU26: 8715 | FV26: 8482 | FW26: 19751 | FX26: 18137 | FY26: =SUM(FP26:FX26) -> 91985 | FZ26: =(SUM(FT26:FX26)/FY26)+(FS26/FY26)*0.2 -> 0.73652008 | GA26: =SUM(AO26,BQ26) -> 2317.2956 | GB26: 0.3 | GC26: =FZ26 -> 0.73652008 | GD26: =GA26*GB26*GC26 -> 512.02042 | GE26: =SUM(AI26,BW26) -> 818.62084 | GF26: 0.7 | GG26: =FZ26 -> 0.73652008 | GH26: =GE26*GF26*GG26 -> 422.05149 | GI26: =GD26+GH26 -> 934.07191 | GJ26: =CX26 -> 35.064828 | GK26: =ED26 -> 188.40062 | GL26: =SUM('주택총조사(주택의종류)'!AD12:AF12) -> 114909 | GM26: =REPS미분양!I11 -> 1228 | GN26: =GM26/GL26 -> 0.010686717 | GO26: =LOOKUP(GN26,$GW$25:$GX$28) -> 0.6 | GP26: =SUM(GJ26:GK26)*GO26 -> 134.07927 | GQ26: =SUM(FG26,GI26,GP26) -> 2574.0952 | GR26: =SUM('REPS분양물량+계획'!G11:I11)/3 -> 2300 | GS26: =GR26/GQ26 -> 0.89351785 | GT26: =LOOKUP(GS26,$GW$16:$GX$20) -> A등급 | GV26: 0.5%이상~1%미만 | GW26: 0.005 | GX26: 0.8
A27: 강원도 | B27: 인제군 | C27: ='주택총조사(거처의종류, 일반,외국인가구, 전체)'!H13 -> 12768 | D27: ='주택총조사(거처의종류, 일반,외국인가구, 전체)'!K13 -> 12326 | E27: ='주택총조사(거처의종류, 일반,외국인가구, 전체)'!N13 -> 12592 | F27: ='주택총조사(거처의종류, 일반,외국인가구, 전체)'!Q13 -> 13345 | G27: ='주택총조사(거처의종류, 일반,외국인가구, 전체)'!T13 -> 13509 | H27: ='주택총조사(거처의종류, 일반,외국인가구, 전체)'!W13 -> 14021 | I27: =D27-C27-T27 -> 28 | J27: =E27-D27-U27 -> 136 | K27: =F27-E27-V27 -> 41 | L27: =G27-F27-W27 -> 38 | M27: =H27-G27-X27 -> -87 | N27: ='인구총조사(가구, 1인가구)'!D13 -> 4396 | O27: ='인구총조사(가구, 1인가구)'!E13 -> 3926 | P27: ='인구총조사(가구, 1인가구)'!F13 -> 4056 | Q27: ='인구총조사(가구, 1인가구)'!G13 -> 4768 | R27: ='인구총조사(가구, 1인가구)'!H13 -> 4894 | S27: ='인구총조사(가구, 1인가구)'!I13 -> 5493 | T27: =O27-N27 -> -470 | U27: =P27-O27 -> 130 | V27: =Q27-P27 -> 712 | W27: =R27-Q27 -> 126 | X27: =S27-R27 -> 599 | Y27: ='주택총조사(거처의종류, 일반,외국인가구, 아파트)'!K13/'주택총조사(거처의종류, 일반,외국인가구, 전체)'!K13 -> 0.23138082 | Z27: ='주택총조사(거처의종류, 일반,외국인가구, 아파트)'!N13/'주택총조사(거처의종류, 일반,외국인가구, 전체)'!N13 -> 0.24428208 | AA27: ='주택총조사(거처의종류, 일반,외국인가구, 아파트)'!Q13/'주택총조사(거처의종류, 일반,외국인가구, 전체)'!Q13 -> 0.24488572 | AB27: ='주택총조사(거처의종류, 일반,외국인가구, 아파트)'!T13/'주택총조사(거처의종류, 일반,외국인가구, 전체)'!T13 -> 0.25027759 | AC27: ='주택총조사(거처의종류, 일반,외국인가구, 아파트)'!W13/'주택총조사(거처의종류, 일반,외국인가구, 전체)'!W13 -> 0.24206547 | AD27: =I27*Y27 -> 6.478663 | AE27: =J27*Z27 -> 33.222363 | AF27: =K27*AA27 -> 10.040315 | AG27: =L27*AB27 -> 9.5105485 | AH27: =M27*AC27 -> -21.059696 | AI27: =AVERAGE(AD27:AH27) -> 7.6384387 | AJ27: =T27*Y27 -> -108.74899 | AK27: =U27*Z27 -> 31.756671 | AL27: =V27*AA27 -> 174.35864 | AM27: =W27*AB27 -> 31.534977 | AN27: =X27*AC27 -> 144.99722 | AO27: =AVERAGE(AJ27:AN27) -> 54.779703 | AP27: =AD27+AJ27 -> -102.27032 | AQ27: =AE27+AK27 -> 64.979034 | AR27: =AF27+AL27 -> 184.39895 | AS27: =AG27+AM27 -> 41.045525 | AT27: =AH27+AN27 -> 123.93752 | AU27: =AVERAGE(AP27:AT27) -> 62.418142 | AV27: ='주택총조사(거처의종류, 일반,외국인가구, 전체)'!I13 -> 119 | AW27: ='주택총조사(거처의종류, 일반,외국인가구, 전체)'!L13 -> 123 | AX27: ='주택총조사(거처의종류, 일반,외국인가구, 전체)'!O13 -> 95 | AY27: ='주택총조사(거처의종류, 일반,외국인가구, 전체)'!R13 -> 127 | AZ27: ='주택총조사(거처의종류, 일반,외국인가구, 전체)'!U13 -> 180 | BA27: ='주택총조사(거처의종류, 일반,외국인가구, 전체)'!X13 -> 250 | BB27: =AW27-AV27 -> 4 | BC27: =AX27-AW27 -> -28 | BD27: =AY27-AX27 -> 32 | BE27: =AZ27-AY27 -> 53 | BF27: =BA27-AZ27 -> 70 | BG27: ='주택총조사(거처의종류, 일반,외국인가구, 아파트)'!L13/'주택총조사(거처의종류, 일반,외국인가구, 전체)'!L13 -> 0 | BH27: ='주택총조사(거처의종류, 일반,외국인가구, 아파트)'!O13/'주택총조사(거처의종류, 일반,외국인가구, 전체)'!O13 -> 0 | BI27: ='주택총조사(거처의종류, 일반,외국인가구, 아파트)'!R13/'주택총조사(거처의종류, 일반,외국인가구, 전체)'!R13 -> 0.05511811 | BJ27: ='주택총조사(거처의종류, 일반,외국인가구, 아파트)'!U13/'주택총조사(거처의종류, 일반,외국인가구, 전체)'!U13 -> 0.05 | BK27: ='주택총조사(거처의종류, 일반,외국인가구, 아파트)'!X13/'주택총조사(거처의종류, 일반,외국인가구, 전체)'!X13 -> 0.024 | BL27: =BB27*BG27 -> 0 | BM27: =BC27*BH27 -> 0 | BN27: =BD27*BI27 -> 1.7637795 | BO27: =BE27*BJ27 -> 2.65 | BP27: =BF27*BK27 -> 1.68 | BQ27: =AVERAGE(BL27:BP27) -> 1.2187559 | BR27: =REPS멸실!E12 -> 0 | BS27: =REPS멸실!F12 -> 0 | BT27: =REPS멸실!G12 -> 0 | BU27: =REPS멸실!H12 -> 0 | BV27: =REPS멸실!I12 -> 0 | BW27: =AVERAGE(BR27:BV27) -> 0 | BX27: =SUM(AU27,BQ27,BW27) -> 63.636898 | BY27: =SUM('주택소유통계(다주택자)'!Q13:R13) -> 1767 | BZ27: =SUM('주택소유통계(다주택자)'!U13:V13) -> 1774 | CA27: =SUM('주택소유통계(다주택자)'!Y13:Z13) -> 1809 | CB27: =SUM('주택소유통계(다주택자)'!AC13:AD13) -> 1953 | CC27: =BZ27-BY27 -> 7 | CD27: =CA27-BZ27 -> 35 | CE27: =CB27-CA27 -> 144 | CF27: ='REPS거래량(외지인)'!D13/'REPS거래량(외지인)'!C13 -> 0.36040609 | CG27: ='REPS거래량(외지인)'!I13/'REPS거래량(외지인)'!H13 -> 0.78082192 | CH27: ='REPS거래량(외지인)'!N13/'REPS거래량(외지인)'!M13 -> 0.72826087 | CI27: =REPS단위당실거래!G12 -> 542.8 | CJ27: =REPS단위당실거래!H12 -> 607 | CK27: =REPS단위당실거래!I12 -> 626 | CL27: 891.67 | CM27: 938.6 | CN27: 988 | CO27: 0 | CP27: 0 | CQ27: 0 | CR27: 0.2 | CS27: 0.3 | CT27: 0.5 | CU27: =CC27*CF27*CO27*CR27 -> 0 | CV27: =CD27*CG27*CP27*CS27 -> 0 | CW27: =CE27*CH27*CQ27*CT27 -> 0 | CX27: =AVERAGE(CU27:CW27) -> 0 | CY27: =REPS분양물량!H12 -> 0 | CZ27: =REPS분양물량!I12 -> 0 | DA27: =REPS분양물량!J12 -> 0 | DB27: =REPS미분양!F12 -> 0 | DC27: =REPS미분양!G12 -> 0 | DD27: =REPS미분양!H12 -> 0 | DE27: =REPS미분양!I12 -> 112 | DF27: =SUM(CY27,DB27) -> 0 | DG27: =SUM(CZ27,DC27) -> 0 | DH27: =SUM(DA27,DD27) -> 0 | DI27: =DF27-DC27 -> 0 | DJ27: =DG27-DD27 -> 0 | DK27: =DH27-DE27 -> -112 | DL27: 542.8 | DM27: 607 | DN27: 626 | DO27: =DP27*0.95 -> 891.67 | DP27: =DQ27*0.95 -> 938.6 | DQ27: ='REPS분양가(분기단위)'!F12 -> 988 | DR27: =DL27/DO27 -> 0.60874539 | DS27: =DM27/DP27 -> 0.64670786 | DT27: =DN27/DQ27 -> 0.63360324 | DU27: =100%-종합!CF27 -> 0.63959391 | DV27: =100%-종합!CG27 -> 0.21917808 | DW27: =100%-종합!CH27 -> 0.27173913 | DX27: 0.2 | DY27: 0.3 | DZ27: 0.5 | EA27: =DI27*DR27*DU27*DX27 -> 0 | EB27: =DJ27*DS27*DV27*DY27 -> 0 | EC27: =DK27*DT27*DW27*DZ27 -> -9.6417884 | ED27: =AVERAGE(EA27:EC27) -> -3.2139295 | EE27: =CX27+ED27 -> -3.2139295 | EF27: =BX27+EE27 -> 60.422968 | EG27: =REPS단위당실거래!I12 -> 626 | EH27: =DQ27 -> 988 | EI27: =ROUND(EH27*34,-2) -> 33600 | EJ27: =EI27*0.55 -> 18480 | EK27: 632 | EL27: =FZ27 -> 0.89221289 | EM27: 0.74 | EN27: 0.05 | EO27: =EK27*EL27*EM27*EN27 -> 20.863506 | EP27: =REPS단위당실거래!I12 -> 626 | EQ27: =DQ27 -> 988 | ER27: =ROUND(EQ27*34,-2) -> 33600 | ES27: =ER27*0.55 -> 18480 | ET27: 218 | EU27: =FZ27 -> 0.89221289 | EV27: 0.26 | EW27: 0.2 | EX27: =ET27*EU27*EV27*EW27 -> 10.114125 | EY27: ='주택총조사(주택의종류)'!AZ13 -> 0.2977314 | EZ27: ='주택총조사(주택의종류)'!AS13 -> 0.59946301 | FA27: ='주택총조사(주택의종류)'!BG13 -> 0.069807578 | FB27: =SUM(EZ27:FA27)/EY27 -> 2.2479006 | FC27: =SUM(EO27,EX27)*FB27 -> 69.634635 | FD27: 0.4 | FE27: 0.6 | FF27: =FC27*FD27*FE27 -> 16.712313 | FG27: =SUM(EO27,EX27,FF27) -> 47.689944 | FH27: 0.0394 | FI27: 30 | FJ27: 0.6 | FK27: 0.4 | FL27: =ROUND(EH27*34,-3) -> 34000 | FM27: =ROUND(EH27*34*FJ27,-2) -> 20200 | FN27: =PMT(FH27/12,FI27*12,FM27) -> -95.740467 | FO27: =-ROUND(FN27/FK27,-1)*12 -> 2880 | FP27: - | FQ27: 72 | FR27: 391 | FS27: 831 | FT27: 460 | FU27: 376 | FV27: 317 | FW27: 702 | FX27: 421 | FY27: =SUM(FP27:FX27) -> 3570 | FZ27: =(SUM(FS27:FX27)/FY27)+(FR27/FY27)*0.2 -> 0.89221289 | GA27: =SUM(AO27,BQ27) -> 55.998459 | GB27: 0.3 | GC27: =FZ27 -> 0.89221289 | GD27: =GA27*GB27*GC27 -> 14.988764 | GE27: =SUM(AI27,BW27) -> 7.6384387 | GF27: 0.7 | GG27: =FZ27 -> 0.89221289 | GH27: =GE27*GF27*GG27 -> 4.7705794 | GI27: =GD27+GH27 -> 19.759343 | GJ27: =CX27 -> 0 | GK27: =ED27 -> -3.2139295 | GL27: =SUM('주택총조사(주택의종류)'!AD13:AF13) -> 5129 | GM27: =REPS미분양!I12 -> 112 | GN27: =GM27/GL27 -> 0.021836615 | GO27: =LOOKUP(GN27,$GW$25:$GX$28) -> 0.4 | GP27: =SUM(GJ27:GK27)*GO27 -> -1.2855718 | GQ27: =SUM(FG27,GI27,GP27) -> 66.163716 | GR27: =SUM('REPS분양물량+계획'!G12:I12)/3 -> 43 | GS27: =GR27/GQ27 -> 0.64990304 | GT27: =LOOKUP(GS27,$GW$16:$GX$20) -> A등급 | GV27: 1%이상~1.5%미만 | GW27: 0.01 | GX27: 0.6
A28: 강원도 | B28: 정선군 | C28: ='주택총조사(거처의종류, 일반,외국인가구, 전체)'!H14 -> 15539 | D28: ='주택총조사(거처의종류, 일반,외국인가구, 전체)'!K14 -> 15595 | E28: ='주택총조사(거처의종류, 일반,외국인가구, 전체)'!N14 -> 16275 | F28: ='주택총조사(거처의종류, 일반,외국인가구, 전체)'!Q14 -> 16272 | G28: ='주택총조사(거처의종류, 일반,외국인가구, 전체)'!T14 -> 16202 | H28: ='주택총조사(거처의종류, 일반,외국인가구, 전체)'!W14 -> 16413 | I28: =D28-C28-T28 -> -42 | J28: =E28-D28-U28 -> 66 | K28: =F28-E28-V28 -> -195 | L28: =G28-F28-W28 -> -157 | M28: =H28-G28-X28 -> -243 | N28: ='인구총조사(가구, 1인가구)'!D14 -> 5474 | O28: ='인구총조사(가구, 1인가구)'!E14 -> 5572 | P28: ='인구총조사(가구, 1인가구)'!F14 -> 6186 | Q28: ='인구총조사(가구, 1인가구)'!G14 -> 6378 | R28: ='인구총조사(가구, 1인가구)'!H14 -> 6465 | S28: ='인구총조사(가구, 1인가구)'!I14 -> 6919 | T28: =O28-N28 -> 98 | U28: =P28-O28 -> 614 | V28: =Q28-P28 -> 192 | W28: =R28-Q28 -> 87 | X28: =S28-R28 -> 454 | Y28: ='주택총조사(거처의종류, 일반,외국인가구, 아파트)'!K14/'주택총조사(거처의종류, 일반,외국인가구, 전체)'!K14 -> 0.26245592 | Z28: ='주택총조사(거처의종류, 일반,외국인가구, 아파트)'!N14/'주택총조사(거처의종류, 일반,외국인가구, 전체)'!N14 -> 0.266851 | AA28: ='주택총조사(거처의종류, 일반,외국인가구, 아파트)'!Q14/'주택총조사(거처의종류, 일반,외국인가구, 전체)'!Q14 -> 0.27052606 | AB28: ='주택총조사(거처의종류, 일반,외국인가구, 아파트)'!T14/'주택총조사(거처의종류, 일반,외국인가구, 전체)'!T14 -> 0.27681768 | AC28: ='주택총조사(거처의종류, 일반,외국인가구, 아파트)'!W14/'주택총조사(거처의종류, 일반,외국인가구, 전체)'!W14 -> 0.27502589 | AD28: =I28*Y28 -> -11.023148 | AE28: =J28*Z28 -> 17.612166 | AF28: =K28*AA28 -> -52.752581 | AG28: =L28*AB28 -> -43.460375 | AH28: =M28*AC28 -> -66.831292 | AI28: =AVERAGE(AD28:AH28) -> -31.291046 | AJ28: =T28*Y28 -> 25.72068 | AK28: =U28*Z28 -> 163.84651 | AL28: =V28*AA28 -> 51.941003 | AM28: =W28*AB28 -> 24.083138 | AN28: =X28*AC28 -> 124.86176 | AO28: =AVERAGE(AJ28:AN28) -> 78.090618 | AP28: =AD28+AJ28 -> 14.697531 | AQ28: =AE28+AK28 -> 181.45868 | AR28: =AF28+AL28 -> -0.81157817 | AS28: =AG28+AM28 -> -19.377237 | AT28: =AH28+AN28 -> 58.030464 | AU28: =AVERAGE(AP28:AT28) -> 46.799572 | AV28: ='주택총조사(거처의종류, 일반,외국인가구, 전체)'!I14 -> 82 | AW28: ='주택총조사(거처의종류, 일반,외국인가구, 전체)'!L14 -> 91 | AX28: ='주택총조사(거처의종류, 일반,외국인가구, 전체)'!O14 -> 80 | AY28: ='주택총조사(거처의종류, 일반,외국인가구, 전체)'!R14 -> 90 | AZ28: ='주택총조사(거처의종류, 일반,외국인가구, 전체)'!U14 -> 103 | BA28: ='주택총조사(거처의종류, 일반,외국인가구, 전체)'!X14 -> 144 | BB28: =AW28-AV28 -> 9 | BC28: =AX28-AW28 -> -11 | BD28: =AY28-AX28 -> 10 | BE28: =AZ28-AY28 -> 13 | BF28: =BA28-AZ28 -> 41 | BG28: ='주택총조사(거처의종류, 일반,외국인가구, 아파트)'!L14/'주택총조사(거처의종류, 일반,외국인가구, 전체)'!L14 -> 0.20879121 | BH28: ='주택총조사(거처의종류, 일반,외국인가구, 아파트)'!O14/'주택총조사(거처의종류, 일반,외국인가구, 전체)'!O14 -> 0.2 | BI28: ='주택총조사(거처의종류, 일반,외국인가구, 아파트)'!R14/'주택총조사(거처의종류, 일반,외국인가구, 전체)'!R14 -> 0.15555556 | BJ28: ='주택총조사(거처의종류, 일반,외국인가구, 아파트)'!U14/'주택총조사(거처의종류, 일반,외국인가구, 전체)'!U14 -> 0.13592233 | BK28: ='주택총조사(거처의종류, 일반,외국인가구, 아파트)'!X14/'주택총조사(거처의종류, 일반,외국인가구, 전체)'!X14 -> 0.11111111 | BL28: =BB28*BG28 -> 1.8791209 | BM28: =BC28*BH28 -> -2.2 | BN28: =BD28*BI28 -> 1.5555556 | BO28: =BE28*BJ28 -> 1.7669903 | BP28: =BF28*BK28 -> 4.5555556 | BQ28: =AVERAGE(BL28:BP28) -> 1.5114445 | BR28: =REPS멸실!E13 -> 0 | BS28: =REPS멸실!F13 -> 0 | BT28: =REPS멸실!G13 -> 0 | BU28: =REPS멸실!H13 -> 0 | BV28: =REPS멸실!I13 -> 0 | BW28: =AVERAGE(BR28:BV28) -> 0 | BX28: =SUM(AU28,BQ28,BW28) -> 48.311016 | BY28: =SUM('주택소유통계(다주택자)'!Q14:R14) -> 2144 | BZ28: =SUM('주택소유통계(다주택자)'!U14:V14) -> 2093 | CA28: =SUM('주택소유통계(다주택자)'!Y14:Z14) -> 2151 | CB28: =SUM('주택소유통계(다주택자)'!AC14:AD14) -> 2224 | CC28: =BZ28-BY28 -> -51 | CD28: =CA28-BZ28 -> 58 | CE28: =CB28-CA28 -> 73 | CF28: ='REPS거래량(외지인)'!D14/'REPS거래량(외지인)'!C14 -> 0.68259386 | CG28: ='REPS거래량(외지인)'!I14/'REPS거래량(외지인)'!H14 -> 0.60526316 | CH28: ='REPS거래량(외지인)'!N14/'REPS거래량(외지인)'!M14 -> 0.79824561 | CI28: =REPS단위당실거래!G13 -> 408.7 | CJ28: =REPS단위당실거래!H13 -> 428.4 | CK28: =REPS단위당실거래!I13 -> 413.3 | CL28: 0 | CM28: 0 | CN28: 0 | CO28: =CI28/CL28 -> #DIV/0! | CP28: =CJ28/CM28 -> #DIV/0! | CQ28: =CK28/CN28 -> #DIV/0! | CR28: 0.2 | CS28: 0.3 | CT28: 0.5 | CU28: =CC28*CF28*CO28*CR28 -> #DIV/0! | CV28: =CD28*CG28*CP28*CS28 -> #DIV/0! | CW28: =CE28*CH28*CQ28*CT28 -> #DIV/0! | CX28: =AVERAGE(CU28:CW28) -> #DIV/0! | CY28: =REPS분양물량!H13 -> 0 | CZ28: =REPS분양물량!I13 -> 100 | DA28: =REPS분양물량!J13 -> 0 | DB28: =REPS미분양!F13 -> 145 | DC28: =REPS미분양!G13 -> 120 | DD28: =REPS미분양!H13 -> 68 | DE28: =REPS미분양!I13 -> 36 | DF28: =SUM(CY28,DB28) -> 145 | DG28: =SUM(CZ28,DC28) -> 220 | DH28: =SUM(DA28,DD28) -> 68 | DI28: =DF28-DC28 -> 25 | DJ28: =DG28-DD28 -> 152 | DK28: =DH28-DE28 -> 32 | DL28: 408.7 | DM28: 428.4 | DN28: 413.3 | DO28: ='REPS분양가(분기단위)'!D13 -> 0 | DP28: ='REPS분양가(분기단위)'!E13 -> 0 | DQ28: ='REPS분양가(분기단위)'!F13 -> 0 | DR28: =DL28/DO28 -> #DIV/0! | DS28: =DM28/DP28 -> #DIV/0! | DT28: =DN28/DQ28 -> #DIV/0! | DU28: =100%-종합!CF28 -> 0.31740614 | DV28: =100%-종합!CG28 -> 0.39473684 | DW28: =100%-종합!CH28 -> 0.20175439 | DX28: 0.2 | DY28: 0.3 | DZ28: 0.5 | EA28: =DI28*DR28*DU28*DX28 -> #DIV/0! | EB28: =DJ28*DS28*DV28*DY28 -> #DIV/0! | EC28: =DK28*DT28*DW28*DZ28 -> #DIV/0! | ED28: =AVERAGE(EA28:EC28) -> #DIV/0! | EE28: =CX28+ED28 -> #DIV/0! | EF28: =BX28+EE28 -> #DIV/0! | EG28: =REPS단위당실거래!I13 -> 413.3 | EH28: =DQ28 -> 0 | EI28: =ROUND(EH28*34,-2) -> 0 | EJ28: =EI28*0.55 -> 0 | EK28: 0 | EL28: =FZ28 -> 0 | EM28: 0.74 | EN28: 0.05 | EO28: =EK28*EL28*EM28*EN28 -> 0 | EP28: =REPS단위당실거래!I13 -> 413.3 | EQ28: =DQ28 -> 0 | ER28: =ROUND(EQ28*34,-2) -> 0 | ES28: =ER28*0.55 -> 0 | ET28: 0 | EU28: =FZ28 -> 0 | EV28: 0.26 | EW28: 0.2 | EX28: =ET28*EU28*EV28*EW28 -> 0 | EY28: ='주택총조사(주택의종류)'!AZ14 -> 0.32649134 | EZ28: ='주택총조사(주택의종류)'!AS14 -> 0.5944925 | FA28: ='주택총조사(주택의종류)'!BG14 -> 0.052434416 | FB28: =SUM(EZ28:FA28)/EY28 -> 1.981452 | FC28: =SUM(EO28,EX28)*FB28 -> 0 | FD28: 0.4 | FE28: 0.6 | FF28: =FC28*FD28*FE28 -> 0 | FG28: =SUM(EO28,EX28,FF28) -> 0 | FH28: 0.0394 | FI28: 30 | FJ28: 0.6 | FK28: 0.4 | FL28: =ROUND(EH28*34,-3) -> 0 | FM28: =ROUND(EH28*34*FJ28,-2) -> 0 | FN28: =PMT(FH28/12,FI28*12,FM28) -> 0 | FO28: =-ROUND(FN28/FK28,-1)*12 -> 0 | FP28: - | FQ28: 76 | FR28: 704 | FS28: 874 | FT28: 515 | FU28: 422 | FV28: 381 | FW28: 800 | FX28: 477 | FY28: =SUM(FP28:FX28) -> 4249 | FZ28: 0 | GA28: =SUM(AO28,BQ28) -> 79.602062 | GB28: 0.3 | GC28: =FZ28 -> 0 | GD28: =GA28*GB28*GC28 -> 0 | GE28: =SUM(AI28,BW28) -> -31.291046 | GF28: 0.7 | GG28: =FZ28 -> 0 | GH28: =GE28*GF28*GG28 -> 0 | GI28: =GD28+GH28 -> 0 | GJ28: =CX28 -> #DIV/0! | GK28: =ED28 -> #DIV/0! | GL28: =SUM('주택총조사(주택의종류)'!AD14:AF14) -> 6669 | GM28: =REPS미분양!I13 -> 36 | GN28: =GM28/GL28 -> 0.0053981107 | GO28: =LOOKUP(GN28,$GW$25:$GX$28) -> 0.8 | GP28: =SUM(GJ28:GK28)*GO28 -> #DIV/0! | GQ28: =SUM(FG28,GI28,GP28) -> #DIV/0! | GR28: =SUM('REPS분양물량+계획'!G13:I13)/3 -> 0 | GS28: =GR28/GQ28 -> #DIV/0! | GT28: =LOOKUP(GS28,$GW$16:$GX$20) -> #DIV/0! | GV28: 1.5%이상 | GW28: 0.015 | GX28: 0.4
A29: 강원도 | B29: 철원군 | C29: ='주택총조사(거처의종류, 일반,외국인가구, 전체)'!H15 -> 17064 | D29: ='주택총조사(거처의종류, 일반,외국인가구, 전체)'!K15 -> 16770 | E29: ='주택총조사(거처의종류, 일반,외국인가구, 전체)'!N15 -> 16968 | F29: ='주택총조사(거처의종류, 일반,외국인가구, 전체)'!Q15 -> 17093 | G29: ='주택총조사(거처의종류, 일반,외국인가구, 전체)'!T15 -> 17007 | H29: ='주택총조사(거처의종류, 일반,외국인가구, 전체)'!W15 -> 17365 | I29: =D29-C29-T29 -> -57 | J29: =E29-D29-U29 -> 33 | K29: =F29-E29-V29 -> -254 | L29: =G29-F29-W29 -> -153 | M29: =H29-G29-X29 -> -287 | N29: ='인구총조사(가구, 1인가구)'!D15 -> 4871 | O29: ='인구총조사(가구, 1인가구)'!E15 -> 4634 | P29: ='인구총조사(가구, 1인가구)'!F15 -> 4799 | Q29: ='인구총조사(가구, 1인가구)'!G15 -> 5178 | R29: ='인구총조사(가구, 1인가구)'!H15 -> 5245 | S29: ='인구총조사(가구, 1인가구)'!I15 -> 5890 | T29: =O29-N29 -> -237 | U29: =P29-O29 -> 165 | V29: =Q29-P29 -> 379 | W29: =R29-Q29 -> 67 | X29: =S29-R29 -> 645 | Y29: ='주택총조사(거처의종류, 일반,외국인가구, 아파트)'!K15/'주택총조사(거처의종류, 일반,외국인가구, 전체)'!K15 -> 0.2431127 | Z29: ='주택총조사(거처의종류, 일반,외국인가구, 아파트)'!N15/'주택총조사(거처의종류, 일반,외국인가구, 전체)'!N15 -> 0.25047148 | AA29: ='주택총조사(거처의종류, 일반,외국인가구, 아파트)'!Q15/'주택총조사(거처의종류, 일반,외국인가구, 전체)'!Q15 -> 0.25571872 | AB29: ='주택총조사(거처의종류, 일반,외국인가구, 아파트)'!T15/'주택총조사(거처의종류, 일반,외국인가구, 전체)'!T15 -> 0.25795261 | AC29: ='주택총조사(거처의종류, 일반,외국인가구, 아파트)'!W15/'주택총조사(거처의종류, 일반,외국인가구, 전체)'!W15 -> 0.2486611 | AD29: =I29*Y29 -> -13.857424 | AE29: =J29*Z29 -> 8.2655587 | AF29: =K29*AA29 -> -64.952554 | AG29: =L29*AB29 -> -39.466749 | AH29: =M29*AC29 -> -71.365736 | AI29: =AVERAGE(AD29:AH29) -> -36.275381 | AJ29: =T29*Y29 -> -57.61771 | AK29: =U29*Z29 -> 41.327793 | AL29: =V29*AA29 -> 96.917393 | AM29: =W29*AB29 -> 17.282825 | AN29: =X29*AC29 -> 160.38641 | AO29: =AVERAGE(AJ29:AN29) -> 51.659342 | AP29: =AD29+AJ29 -> -71.475134 | AQ29: =AE29+AK29 -> 49.593352 | AR29: =AF29+AL29 -> 31.964839 | AS29: =AG29+AM29 -> -22.183924 | AT29: =AH29+AN29 -> 89.020674 | AU29: =AVERAGE(AP29:AT29) -> 15.383961 | AV29: ='주택총조사(거처의종류, 일반,외국인가구, 전체)'!I15 -> 332 | AW29: ='주택총조사(거처의종류, 일반,외국인가구, 전체)'!L15 -> 299 | AX29: ='주택총조사(거처의종류, 일반,외국인가구, 전체)'!O15 -> 260 | AY29: ='주택총조사(거처의종류, 일반,외국인가구, 전체)'!R15 -> 271 | AZ29: ='주택총조사(거처의종류, 일반,외국인가구, 전체)'!U15 -> 264 | BA29: ='주택총조사(거처의종류, 일반,외국인가구, 전체)'!X15 -> 392 | BB29: =AW29-AV29 -> -33 | BC29: =AX29-AW29 -> -39 | BD29: =AY29-AX29 -> 11 | BE29: =AZ29-AY29 -> -7 | BF29: =BA29-AZ29 -> 128 | BG29: ='주택총조사(거처의종류, 일반,외국인가구, 아파트)'!L15/'주택총조사(거처의종류, 일반,외국인가구, 전체)'!L15 -> 0.15719064 | BH29: ='주택총조사(거처의종류, 일반,외국인가구, 아파트)'!O15/'주택총조사(거처의종류, 일반,외국인가구, 전체)'!O15 -> 0.23076923 | BI29: ='주택총조사(거처의종류, 일반,외국인가구, 아파트)'!R15/'주택총조사(거처의종류, 일반,외국인가구, 전체)'!R15 -> 0.16236162 | BJ29: ='주택총조사(거처의종류, 일반,외국인가구, 아파트)'!U15/'주택총조사(거처의종류, 일반,외국인가구, 전체)'!U15 -> 0.13257576 | BK29: ='주택총조사(거처의종류, 일반,외국인가구, 아파트)'!X15/'주택총조사(거처의종류, 일반,외국인가구, 전체)'!X15 -> 0.12244898 | BL29: =BB29*BG29 -> -5.187291 | BM29: =BC29*BH29 -> -9 | BN29: =BD29*BI29 -> 1.7859779 | BO29: =BE29*BJ29 -> -0.9280303 | BP29: =BF29*BK29 -> 15.673469 | BQ29: =AVERAGE(BL29:BP29) -> 0.46882519 | BR29: =REPS멸실!E14 -> 0 | BS29: =REPS멸실!F14 -> 0 | BT29: =REPS멸실!G14 -> 0 | BU29: =REPS멸실!H14 -> 0 | BV29: =REPS멸실!I14 -> 0 | BW29: =AVERAGE(BR29:BV29) -> 0 | BX29: =SUM(AU29,BQ29,BW29) -> 15.852787 | BY29: =SUM('주택소유통계(다주택자)'!Q15:R15) -> 1691 | BZ29: =SUM('주택소유통계(다주택자)'!U15:V15) -> 1676 | CA29: =SUM('주택소유통계(다주택자)'!Y15:Z15) -> 1708 | CB29: =SUM('주택소유통계(다주택자)'!AC15:AD15) -> 1804 | CC29: =BZ29-BY29 -> -15 | CD29: =CA29-BZ29 -> 32 | CE29: =CB29-CA29 -> 96 | CF29: ='REPS거래량(외지인)'!D15/'REPS거래량(외지인)'!C15 -> 0.73282443 | CG29: ='REPS거래량(외지인)'!I15/'REPS거래량(외지인)'!H15 -> 0.7816092 | CH29: ='REPS거래량(외지인)'!N15/'REPS거래량(외지인)'!M15 -> 0.8814433 | CI29: =REPS단위당실거래!G14 -> 446.3 | CJ29: =REPS단위당실거래!H14 -> 457.5 | CK29: =REPS단위당실거래!I14 -> 492.5 | CL29: 0 | CM29: 0 | CN29: 0 | CO29: =CI29/CL29 -> #DIV/0! | CP29: =CJ29/CM29 -> #DIV/0! | CQ29: =CK29/CN29 -> #DIV/0! | CR29: 0.2 | CS29: 0.3 | CT29: 0.5 | CU29: =CC29*CF29*CO29*CR29 -> #DIV/0! | CV29: =CD29*CG29*CP29*CS29 -> #DIV/0! | CW29: =CE29*CH29*CQ29*CT29 -> #DIV/0! | CX29: =AVERAGE(CU29:CW29) -> #DIV/0! | CY29: =REPS분양물량!H14 -> 0 | CZ29: =REPS분양물량!I14 -> 90 | DA29: =REPS분양물량!J14 -> 0 | DB29: =REPS미분양!F14 -> 139 | DC29: =REPS미분양!G14 -> 55 | DD29: =REPS미분양!H14 -> 47 | DE29: =REPS미분양!I14 -> 25 | DF29: =SUM(CY29,DB29) -> 139 | DG29: =SUM(CZ29,DC29) -> 145 | DH29: =SUM(DA29,DD29) -> 47 | DI29: =DF29-DC29 -> 84 | DJ29: =DG29-DD29 -> 98 | DK29: =DH29-DE29 -> 22 | DL29: 446.3 | DM29: 457.5 | DN29: 492.5 | DO29: ='REPS분양가(분기단위)'!D14 -> 0 | DP29: ='REPS분양가(분기단위)'!E14 -> 0 | DQ29: ='REPS분양가(분기단위)'!F14 -> 0 | DR29: =DL29/DO29 -> #DIV/0! | DS29: =DM29/DP29 -> #DIV/0! | DT29: =DN29/DQ29 -> #DIV/0! | DU29: =100%-종합!CF29 -> 0.26717557 | DV29: =100%-종합!CG29 -> 0.2183908 | DW29: =100%-종합!CH29 -> 0.1185567 | DX29: 0.2 | DY29: 0.3 | DZ29: 0.5 | EA29: =DI29*DR29*DU29*DX29 -> #DIV/0! | EB29: =DJ29*DS29*DV29*DY29 -> #DIV/0! | EC29: =DK29*DT29*DW29*DZ29 -> #DIV/0! | ED29: =AVERAGE(EA29:EC29) -> #DIV/0! | EE29: =CX29+ED29 -> #DIV/0! | EF29: =BX29+EE29 -> #DIV/0! | EG29: =REPS단위당실거래!I14 -> 492.5 | EH29: =DQ29 -> 0 | EI29: =ROUND(EH29*34,-2) -> 0 | EJ29: =EI29*0.55 -> 0 | EK29: 0 | EL29: =FZ29 -> 0 | EM29: 0.74 | EN29: 0.05 | EO29: =EK29*EL29*EM29*EN29 -> 0 | EP29: =REPS단위당실거래!I14 -> 492.5 | EQ29: =DQ29 -> 0 | ER29: =ROUND(EQ29*34,-2) -> 0 | ES29: =ER29*0.55 -> 0 | ET29: 0 | EU29: =FZ29 -> 0 | EV29: 0.26 | EW29: 0.2 | EX29: =ET29*EU29*EV29*EW29 -> 0 | EY29: ='주택총조사(주택의종류)'!AZ15 -> 0.29944491 | EZ29: ='주택총조사(주택의종류)'!AS15 -> 0.55467849 | FA29: ='주택총조사(주택의종류)'!BG15 -> 0.11833241 | FB29: =SUM(EZ29:FA29)/EY29 -> 2.2475282 | FC29: =SUM(EO29,EX29)*FB29 -> 0 | FD29: 0.4 | FE29: 0.6 | FF29: =FC29*FD29*FE29 -> 0 | FG29: =SUM(EO29,EX29,FF29) -> 0 | FH29: 0.0394 | FI29: 30 | FJ29: 0.6 | FK29: 0.4 | FL29: =ROUND(EH29*34,-3) -> 0 | FM29: =ROUND(EH29*34*FJ29,-2) -> 0 | FN29: =PMT(FH29/12,FI29*12,FM29) -> 0 | FO29: =-ROUND(FN29/FK29,-1)*12 -> 0 | FP29: - | FQ29: 73 | FR29: 428 | FS29: 855 | FT29: 496 | FU29: 345 | FV29: 305 | FW29: 739 | FX29: 436 | FY29: =SUM(FP29:FX29) -> 3677 | FZ29: 0 | GA29: =SUM(AO29,BQ29) -> 52.128167 | GB29: 0.3 | GC29: =FZ29 -> 0 | GD29: =GA29*GB29*GC29 -> 0 | GE29: =SUM(AI29,BW29) -> -36.275381 | GF29: 0.7 | GG29: =FZ29 -> 0 | GH29: =GE29*GF29*GG29 -> 0 | GI29: =GD29+GH29 -> 0 | GJ29: =CX29 -> #DIV/0! | GK29: =ED29 -> #DIV/0! | GL29: =SUM('주택총조사(주택의종류)'!AD15:AF15) -> 7449 | GM29: =REPS미분양!I14 -> 25 | GN29: =GM29/GL29 -> 0.0033561552 | GO29: =LOOKUP(GN29,$GW$25:$GX$28) -> 1 | GP29: =SUM(GJ29:GK29)*GO29 -> #DIV/0! | GQ29: =SUM(FG29,GI29,GP29) -> #DIV/0! | GR29: =SUM('REPS분양물량+계획'!G14:I14)/3 -> 0 | GS29: =GR29/GQ29 -> #DIV/0! | GT29: =LOOKUP(GS29,$GW$16:$GX$20) -> #DIV/0! | GV29: 미분양관리지역 | GX29: 0.2
A30: 강원도 | B30: 춘천시 | C30: ='주택총조사(거처의종류, 일반,외국인가구, 전체)'!H16 -> 112917 | D30: ='주택총조사(거처의종류, 일반,외국인가구, 전체)'!K16 -> 113550 | E30: ='주택총조사(거처의종류, 일반,외국인가구, 전체)'!N16 -> 118030 | F30: ='주택총조사(거처의종류, 일반,외국인가구, 전체)'!Q16 -> 121827 | G30: ='주택총조사(거처의종류, 일반,외국인가구, 전체)'!T16 -> 126016 | H30: ='주택총조사(거처의종류, 일반,외국인가구, 전체)'!W16 -> 128682 | I30: =D30-C30-T30 -> 143 | J30: =E30-D30-U30 -> 968 | K30: =F30-E30-V30 -> 538 | L30: =G30-F30-W30 -> 712 | M30: =H30-G30-X30 -> -195 | N30: ='인구총조사(가구, 1인가구)'!D16 -> 35823 | O30: ='인구총조사(가구, 1인가구)'!E16 -> 36313 | P30: ='인구총조사(가구, 1인가구)'!F16 -> 39825 | Q30: ='인구총조사(가구, 1인가구)'!G16 -> 43084 | R30: ='인구총조사(가구, 1인가구)'!H16 -> 46561 | S30: ='인구총조사(가구, 1인가구)'!I16 -> 49422 | T30: =O30-N30 -> 490 | U30: =P30-O30 -> 3512 | V30: =Q30-P30 -> 3259 | W30: =R30-Q30 -> 3477 | X30: =S30-R30 -> 2861 | Y30: ='주택총조사(거처의종류, 일반,외국인가구, 아파트)'!K16/'주택총조사(거처의종류, 일반,외국인가구, 전체)'!K16 -> 0.54008807 | Z30: ='주택총조사(거처의종류, 일반,외국인가구, 아파트)'!N16/'주택총조사(거처의종류, 일반,외국인가구, 전체)'!N16 -> 0.55102093 | AA30: ='주택총조사(거처의종류, 일반,외국인가구, 아파트)'!Q16/'주택총조사(거처의종류, 일반,외국인가구, 전체)'!Q16 -> 0.5597856 | AB30: ='주택총조사(거처의종류, 일반,외국인가구, 아파트)'!T16/'주택총조사(거처의종류, 일반,외국인가구, 전체)'!T16 -> 0.56574562 | AC30: ='주택총조사(거처의종류, 일반,외국인가구, 아파트)'!W16/'주택총조사(거처의종류, 일반,외국인가구, 전체)'!W16 -> 0.56240189 | AD30: =I30*Y30 -> 77.232594 | AE30: =J30*Z30 -> 533.38826 | AF30: =K30*AA30 -> 301.16465 | AG30: =L30*AB30 -> 402.81088 | AH30: =M30*AC30 -> -109.66837 | AI30: =AVERAGE(AD30:AH30) -> 240.9856 | AJ30: =T30*Y30 -> 264.64315 | AK30: =U30*Z30 -> 1935.1855 | AL30: =V30*AA30 -> 1824.3413 | AM30: =W30*AB30 -> 1967.0975 | AN30: =X30*AC30 -> 1609.0318 | AO30: =AVERAGE(AJ30:AN30) -> 1520.0598 | AP30: =AD30+AJ30 -> 341.87575 | AQ30: =AE30+AK30 -> 2468.5738 | AR30: =AF30+AL30 -> 2125.5059 | AS30: =AG30+AM30 -> 2369.9084 | AT30: =AH30+AN30 -> 1499.3634 | AU30: =AVERAGE(AP30:AT30) -> 1761.0455 | AV30: ='주택총조사(거처의종류, 일반,외국인가구, 전체)'!I16 -> 1360 | AW30: ='주택총조사(거처의종류, 일반,외국인가구, 전체)'!L16 -> 1542 | AX30: ='주택총조사(거처의종류, 일반,외국인가구, 전체)'!O16 -> 1597 | AY30: ='주택총조사(거처의종류, 일반,외국인가구, 전체)'!R16 -> 1647 | AZ30: ='주택총조사(거처의종류, 일반,외국인가구, 전체)'!U16 -> 1731 | BA30: ='주택총조사(거처의종류, 일반,외국인가구, 전체)'!X16 -> 1848 | BB30: =AW30-AV30 -> 182 | BC30: =AX30-AW30 -> 55 | BD30: =AY30-AX30 -> 50 | BE30: =AZ30-AY30 -> 84 | BF30: =BA30-AZ30 -> 117 | BG30: ='주택총조사(거처의종류, 일반,외국인가구, 아파트)'!L16/'주택총조사(거처의종류, 일반,외국인가구, 전체)'!L16 -> 0.095979248 | BH30: ='주택총조사(거처의종류, 일반,외국인가구, 아파트)'!O16/'주택총조사(거처의종류, 일반,외국인가구, 전체)'!O16 -> 0.10331872 | BI30: ='주택총조사(거처의종류, 일반,외국인가구, 아파트)'!R16/'주택총조사(거처의종류, 일반,외국인가구, 전체)'!R16 -> 0.11353977 | BJ30: ='주택총조사(거처의종류, 일반,외국인가구, 아파트)'!U16/'주택총조사(거처의종류, 일반,외국인가구, 전체)'!U16 -> 0.12189486 | BK30: ='주택총조사(거처의종류, 일반,외국인가구, 아파트)'!X16/'주택총조사(거처의종류, 일반,외국인가구, 전체)'!X16 -> 0.10335498 | BL30: =BB30*BG30 -> 17.468223 | BM30: =BC30*BH30 -> 5.6825297 | BN30: =BD30*BI30 -> 5.6769885 | BO30: =BE30*BJ30 -> 10.239168 | BP30: =BF30*BK30 -> 12.092532 | BQ30: =AVERAGE(BL30:BP30) -> 10.231888 | BR30: =REPS멸실!E15 -> 0 | BS30: =REPS멸실!F15 -> 0 | BT30: =REPS멸실!G15 -> 0 | BU30: =REPS멸실!H15 -> 0 | BV30: =REPS멸실!I15 -> 0 | BW30: =AVERAGE(BR30:BV30) -> 0 | BX30: =SUM(AU30,BQ30,BW30) -> 1771.2773 | BY30: =SUM('주택소유통계(다주택자)'!Q16:R16) -> 12222 | BZ30: =SUM('주택소유통계(다주택자)'!U16:V16) -> 12401 | CA30: =SUM('주택소유통계(다주택자)'!Y16:Z16) -> 12896 | CB30: =SUM('주택소유통계(다주택자)'!AC16:AD16) -> 13155 | CC30: =BZ30-BY30 -> 179 | CD30: =CA30-BZ30 -> 495 | CE30: =CB30-CA30 -> 259 | CF30: ='REPS거래량(외지인)'!D16/'REPS거래량(외지인)'!C16 -> 0.54133151 | CG30: ='REPS거래량(외지인)'!I16/'REPS거래량(외지인)'!H16 -> 0.61416185 | CH30: ='REPS거래량(외지인)'!N16/'REPS거래량(외지인)'!M16 -> 0.78469037 | CI30: =REPS단위당실거래!G15 -> 840.2 | CJ30: =REPS단위당실거래!H15 -> 883.5 | CK30: =REPS단위당실거래!I15 -> 915.4 | CL30: 1714 | CM30: 1566 | CN30: 1568 | CO30: =CI30/CL30 -> 0.49019837 | CP30: =CJ30/CM30 -> 0.56417625 | CQ30: =CK30/CN30 -> 0.58380102 | CR30: 0.2 | CS30: 0.3 | CT30: 0.5 | CU30: =CC30*CF30*CO30*CR30 -> 9.4998816 | CV30: =CD30*CG30*CP30*CS30 -> 51.454586 | CW30: =CE30*CH30*CQ30*CT30 -> 59.324343 | CX30: =AVERAGE(CU30:CW30) -> 40.092937 | CY30: =REPS분양물량!H15 -> 1212 | CZ30: =REPS분양물량!I15 -> 2456 | DA30: =REPS분양물량!J15 -> 228 | DB30: =REPS미분양!F15 -> 131 | DC30: =REPS미분양!G15 -> 170 | DD30: =REPS미분양!H15 -> 129 | DE30: =REPS미분양!I15 -> 282 | DF30: =SUM(CY30,DB30) -> 1343 | DG30: =SUM(CZ30,DC30) -> 2626 | DH30: =SUM(DA30,DD30) -> 357 | DI30: =DF30-DC30 -> 1173 | DJ30: =DG30-DD30 -> 2497 | DK30: =DH30-DE30 -> 75 | DL30: 840.2 | DM30: 883.5 | DN30: 915.4 | DO30: ='REPS분양가(분기단위)'!D15 -> 1714 | DP30: ='REPS분양가(분기단위)'!E15 -> 1566 | DQ30: ='REPS분양가(분기단위)'!F15 -> 1568 | DR30: =DL30/DO30 -> 0.49019837 | DS30: =DM30/DP30 -> 0.56417625 | DT30: =DN30/DQ30 -> 0.58380102 | DU30: =100%-종합!CF30 -> 0.45866849 | DV30: =100%-종합!CG30 -> 0.38583815 | DW30: =100%-종합!CH30 -> 0.21530963 | DX30: 0.2 | DY30: 0.3 | DZ30: 0.5 | EA30: =DI30*DR30*DU30*DX30 -> 52.747123 | EB30: =DJ30*DS30*DV30*DY30 -> 163.06463 | EC30: =DK30*DT30*DW30*DZ30 -> 4.7136744 | ED30: =AVERAGE(EA30:EC30) -> 73.508475 | EE30: =CX30+ED30 -> 113.60141 | EF30: =BX30+EE30 -> 1884.8788 | EG30: =REPS단위당실거래!I15 -> 915.4 | EH30: =DQ30 -> 1568 | EI30: =ROUND(EH30*34,-2) -> 53300 | EJ30: =EI30*0.55 -> 29315 | EK30: 21874 | EL30: =FZ30 -> 0.65156132 | EM30: 0.74 | EN30: 0.05 | EO30: =EK30*EL30*EM30*EN30 -> 527.33333 | EP30: =REPS단위당실거래!I15 -> 915.4 | EQ30: =DQ30 -> 1568 | ER30: =ROUND(EQ30*34,-2) -> 53300 | ES30: =ER30*0.55 -> 29315 | ET30: 11378 | EU30: =FZ30 -> 0.65156132 | EV30: 0.26 | EW30: 0.2 | EX30: =ET30*EU30*EV30*EW30 -> 385.50016 | EY30: ='주택총조사(주택의종류)'!AZ16 -> 0.68996288 | EZ30: ='주택총조사(주택의종류)'!AS16 -> 0.26523925 | FA30: ='주택총조사(주택의종류)'!BG16 -> 0.031613604 | FB30: =SUM(EZ30:FA30)/EY30 -> 0.43024467 | FC30: =SUM(EO30,EX30)*FB30 -> 392.74175 | FD30: 0.4 | FE30: 0.6 | FF30: =FC30*FD30*FE30 -> 94.25802 | FG30: =SUM(EO30,EX30,FF30) -> 1007.0915 | FH30: 0.0394 | FI30: 30 | FJ30: 0.6 | FK30: 0.4 | FL30: =ROUND(EH30*34,-3) -> 53000 | FM30: =ROUND(EH30*34*FJ30,-2) -> 32000 | FN30: =PMT(FH30/12,FI30*12,FM30) -> -151.66807 | FO30: =-ROUND(FN30/FK30,-1)*12 -> 4560 | FP30: 275 | FQ30: 803 | FR30: 7119 | FS30: 10820 | FT30: 6653 | FU30: 6056 | FV30: 6043 | FW30: 14107 | FX30: 14158 | FY30: =SUM(FP30:FX30) -> 66034 | FZ30: =(SUM(FU30:FX30)/FY30)+(FT30/FY30)*0.4 -> 0.65156132 | GA30: =SUM(AO30,BQ30) -> 1530.2917 | GB30: 0.3 | GC30: =FZ30 -> 0.65156132 | GD30: =GA30*GB30*GC30 -> 299.12367 | GE30: =SUM(AI30,BW30) -> 240.9856 | GF30: 0.7 | GG30: =FZ30 -> 0.65156132 | GH30: =GE30*GF30*GG30 -> 109.91183 | GI30: =GD30+GH30 -> 409.0355 | GJ30: =CX30 -> 40.092937 | GK30: =ED30 -> 73.508475 | GL30: =SUM('주택총조사(주택의종류)'!AD16:AF16) -> 80004 | GM30: =REPS미분양!I15 -> 282 | GN30: =GM30/GL30 -> 0.0035248238 | GO30: =LOOKUP(GN30,$GW$25:$GX$28) -> 1 | GP30: =SUM(GJ30:GK30)*GO30 -> 113.60141 | GQ30: =SUM(FG30,GI30,GP30) -> 1529.7284 | GR30: =SUM('REPS분양물량+계획'!G15:I15)/3 -> 1316 | GS30: =GR30/GQ30 -> 0.86028342 | GT30: =LOOKUP(GS30,$GW$16:$GX$20) -> A등급
A31: 강원도 | B31: 태백시 | C31: ='주택총조사(거처의종류, 일반,외국인가구, 전체)'!H17 -> 18663 | D31: ='주택총조사(거처의종류, 일반,외국인가구, 전체)'!K17 -> 18536 | E31: ='주택총조사(거처의종류, 일반,외국인가구, 전체)'!N17 -> 18586 | F31: ='주택총조사(거처의종류, 일반,외국인가구, 전체)'!Q17 -> 18723 | G31: ='주택총조사(거처의종류, 일반,외국인가구, 전체)'!T17 -> 18543 | H31: ='주택총조사(거처의종류, 일반,외국인가구, 전체)'!W17 -> 18657 | I31: =D31-C31-T31 -> -194 | J31: =E31-D31-U31 -> -222 | K31: =F31-E31-V31 -> -308 | L31: =G31-F31-W31 -> -370 | M31: =H31-G31-X31 -> -246 | N31: ='인구총조사(가구, 1인가구)'!D17 -> 6081 | O31: ='인구총조사(가구, 1인가구)'!E17 -> 6148 | P31: ='인구총조사(가구, 1인가구)'!F17 -> 6420 | Q31: ='인구총조사(가구, 1인가구)'!G17 -> 6865 | R31: ='인구총조사(가구, 1인가구)'!H17 -> 7055 | S31: ='인구총조사(가구, 1인가구)'!I17 -> 7415 | T31: =O31-N31 -> 67 | U31: =P31-O31 -> 272 | V31: =Q31-P31 -> 445 | W31: =R31-Q31 -> 190 | X31: =S31-R31 -> 360 | Y31: ='주택총조사(거처의종류, 일반,외국인가구, 아파트)'!K17/'주택총조사(거처의종류, 일반,외국인가구, 전체)'!K17 -> 0.50442382 | Z31: ='주택총조사(거처의종류, 일반,외국인가구, 아파트)'!N17/'주택총조사(거처의종류, 일반,외국인가구, 전체)'!N17 -> 0.50656408 | AA31: ='주택총조사(거처의종류, 일반,외국인가구, 아파트)'!Q17/'주택총조사(거처의종류, 일반,외국인가구, 전체)'!Q17 -> 0.50718368 | AB31: ='주택총조사(거처의종류, 일반,외국인가구, 아파트)'!T17/'주택총조사(거처의종류, 일반,외국인가구, 전체)'!T17 -> 0.5077927 | AC31: ='주택총조사(거처의종류, 일반,외국인가구, 아파트)'!W17/'주택총조사(거처의종류, 일반,외국인가구, 전체)'!W17 -> 0.51733934 | AD31: =I31*Y31 -> -97.858222 | AE31: =J31*Z31 -> -112.45723 | AF31: =K31*AA31 -> -156.21257 | AG31: =L31*AB31 -> -187.8833 | AH31: =M31*AC31 -> -127.26548 | AI31: =AVERAGE(AD31:AH31) -> -136.33536 | AJ31: =T31*Y31 -> 33.796396 | AK31: =U31*Z31 -> 137.78543 | AL31: =V31*AA31 -> 225.69674 | AM31: =W31*AB31 -> 96.480613 | AN31: =X31*AC31 -> 186.24216 | AO31: =AVERAGE(AJ31:AN31) -> 136.00027 | AP31: =AD31+AJ31 -> -64.061826 | AQ31: =AE31+AK31 -> 25.328204 | AR31: =AF31+AL31 -> 69.484164 | AS31: =AG31+AM31 -> -91.402686 | AT31: =AH31+AN31 -> 58.976684 | AU31: =AVERAGE(AP31:AT31) -> -0.33509181 | AV31: ='주택총조사(거처의종류, 일반,외국인가구, 전체)'!I17 -> 82 | AW31: ='주택총조사(거처의종류, 일반,외국인가구, 전체)'!L17 -> 84 | AX31: ='주택총조사(거처의종류, 일반,외국인가구, 전체)'!O17 -> 81 | AY31: ='주택총조사(거처의종류, 일반,외국인가구, 전체)'!R17 -> 88 | AZ31: ='주택총조사(거처의종류, 일반,외국인가구, 전체)'!U17 -> 97 | BA31: ='주택총조사(거처의종류, 일반,외국인가구, 전체)'!X17 -> 118 | BB31: =AW31-AV31 -> 2 | BC31: =AX31-AW31 -> -3 | BD31: =AY31-AX31 -> 7 | BE31: =AZ31-AY31 -> 9 | BF31: =BA31-AZ31 -> 21 | BG31: ='주택총조사(거처의종류, 일반,외국인가구, 아파트)'!L17/'주택총조사(거처의종류, 일반,외국인가구, 전체)'!L17 -> 0.46428571 | BH31: ='주택총조사(거처의종류, 일반,외국인가구, 아파트)'!O17/'주택총조사(거처의종류, 일반,외국인가구, 전체)'!O17 -> 0.58024691 | BI31: ='주택총조사(거처의종류, 일반,외국인가구, 아파트)'!R17/'주택총조사(거처의종류, 일반,외국인가구, 전체)'!R17 -> 0.53409091 | BJ31: ='주택총조사(거처의종류, 일반,외국인가구, 아파트)'!U17/'주택총조사(거처의종류, 일반,외국인가구, 전체)'!U17 -> 0.54639175 | BK31: ='주택총조사(거처의종류, 일반,외국인가구, 아파트)'!X17/'주택총조사(거처의종류, 일반,외국인가구, 전체)'!X17 -> 0.48305085 | BL31: =BB31*BG31 -> 0.92857143 | BM31: =BC31*BH31 -> -1.7407407 | BN31: =BD31*BI31 -> 3.7386364 | BO31: =BE31*BJ31 -> 4.9175258 | BP31: =BF31*BK31 -> 10.144068 | BQ31: =AVERAGE(BL31:BP31) -> 3.5976121 | BR31: =REPS멸실!E16 -> 0 | BS31: =REPS멸실!F16 -> 0 | BT31: =REPS멸실!G16 -> 0 | BU31: =REPS멸실!H16 -> 0 | BV31: =REPS멸실!I16 -> 0 | BW31: =AVERAGE(BR31:BV31) -> 0 | BX31: =SUM(AU31,BQ31,BW31) -> 3.2625203 | BY31: =SUM('주택소유통계(다주택자)'!Q17:R17) -> 2195 | BZ31: =SUM('주택소유통계(다주택자)'!U17:V17) -> 2206 | CA31: =SUM('주택소유통계(다주택자)'!Y17:Z17) -> 2211 | CB31: =SUM('주택소유통계(다주택자)'!AC17:AD17) -> 2350 | CC31: =BZ31-BY31 -> 11 | CD31: =CA31-BZ31 -> 5 | CE31: =CB31-CA31 -> 139 | CF31: ='REPS거래량(외지인)'!D17/'REPS거래량(외지인)'!C17 -> 0.65528455 | CG31: ='REPS거래량(외지인)'!I17/'REPS거래량(외지인)'!H17 -> 0.65613383 | CH31: ='REPS거래량(외지인)'!N17/'REPS거래량(외지인)'!M17 -> 0.655 | CI31: =REPS단위당실거래!G16 -> 409.9 | CJ31: =REPS단위당실거래!H16 -> 417.7 | CK31: =REPS단위당실거래!I16 -> 409.7 | CL31: 0 | CM31: 0 | CN31: 0 | CO31: 0 | CP31: 0 | CQ31: 0 | CR31: 0.2 | CS31: 0.3 | CT31: 0.5 | CU31: =CC31*CF31*CO31*CR31 -> 0 | CV31: =CD31*CG31*CP31*CS31 -> 0 | CW31: =CE31*CH31*CQ31*CT31 -> 0 | CX31: =AVERAGE(CU31:CW31) -> 0 | CY31: =REPS분양물량!H16 -> 189 | CZ31: =REPS분양물량!I16 -> 576 | DA31: =REPS분양물량!J16 -> 0 | DB31: =REPS미분양!F16 -> 0 | DC31: =REPS미분양!G16 -> 0 | DD31: =REPS미분양!H16 -> 0 | DE31: =REPS미분양!I16 -> 0 | DF31: =SUM(CY31,DB31) -> 189 | DG31: =SUM(CZ31,DC31) -> 576 | DH31: =SUM(DA31,DD31) -> 0 | DI31: =DF31-DC31 -> 189 | DJ31: =DG31-DD31 -> 576 | DK31: =DH31-DE31 -> 0 | DL31: 409.9 | DM31: 417.7 | DN31: 409.7 | DO31: ='REPS분양가(분기단위)'!D16 -> 0 | DP31: ='REPS분양가(분기단위)'!E16 -> 0 | DQ31: ='REPS분양가(분기단위)'!F16 -> 0 | DR31: =DL31/DO31 -> #DIV/0! | DS31: =DM31/DP31 -> #DIV/0! | DT31: =DN31/DQ31 -> #DIV/0! | DU31: =100%-종합!CF31 -> 0.34471545 | DV31: =100%-종합!CG31 -> 0.34386617 | DW31: =100%-종합!CH31 -> 0.345 | DX31: 0.2 | DY31: 0.3 | DZ31: 0.5 | EA31: =DI31*DR31*DU31*DX31 -> #DIV/0! | EB31: =DJ31*DS31*DV31*DY31 -> #DIV/0! | EC31: =DK31*DT31*DW31*DZ31 -> #DIV/0! | ED31: =AVERAGE(EA31:EC31) -> #DIV/0! | EE31: =CX31+ED31 -> #DIV/0! | EF31: =BX31+EE31 -> #DIV/0! | EG31: =REPS단위당실거래!I16 -> 409.7 | EH31: =DQ31 -> 0 | EI31: =ROUND(EH31*34,-2) -> 0 | EJ31: =EI31*0.55 -> 0 | EK31: 0 | EL31: =FZ31 -> 0 | EM31: 0.74 | EN31: 0.05 | EO31: =EK31*EL31*EM31*EN31 -> 0 | EP31: =REPS단위당실거래!I16 -> 409.7 | EQ31: =DQ31 -> 0 | ER31: =ROUND(EQ31*34,-2) -> 0 | ES31: =ER31*0.55 -> 0 | ET31: 0 | EU31: =FZ31 -> 0 | EV31: 0.26 | EW31: 0.2 | EX31: =ET31*EU31*EV31*EW31 -> 0 | EY31: ='주택총조사(주택의종류)'!AZ17 -> 0.55731204 | EZ31: ='주택총조사(주택의종류)'!AS17 -> 0.28684344 | FA31: ='주택총조사(주택의종류)'!BG17 -> 0.13590757 | FB31: =SUM(EZ31:FA31)/EY31 -> 0.75855354 | FC31: =SUM(EO31,EX31)*FB31 -> 0 | FD31: 0.4 | FE31: 0.6 | FF31: =FC31*FD31*FE31 -> 0 | FG31: =SUM(EO31,EX31,FF31) -> 0 | FH31: 0.0394 | FI31: 30 | FJ31: 0.6 | FK31: 0.4 | FL31: =ROUND(EH31*34,-3) -> 0 | FM31: =ROUND(EH31*34*FJ31,-2) -> 0 | FN31: =PMT(FH31/12,FI31*12,FM31) -> 0 | FO31: =-ROUND(FN31/FK31,-1)*12 -> 0 | FP31: 53 | FQ31: 150 | FR31: 1441 | FS31: 1852 | FT31: 1058 | FU31: 922 | FV31: 760 | FW31: 1649 | FX31: 1334 | FY31: =SUM(FP31:FX31) -> 9219 | FZ31: 0 | GA31: =SUM(AO31,BQ31) -> 139.59788 | GB31: 0.3 | GC31: =FZ31 -> 0 | GD31: =GA31*GB31*GC31 -> 0 | GE31: =SUM(AI31,BW31) -> -136.33536 | GF31: 0.7 | GG31: =FZ31 -> 0 | GH31: =GE31*GF31*GG31 -> 0 | GI31: =GD31+GH31 -> 0 | GJ31: =CX31 -> 0 | GK31: =ED31 -> #DIV/0! | GL31: =SUM('주택총조사(주택의종류)'!AD17:AF17) -> 14196 | GM31: =REPS미분양!I16 -> 0 | GN31: =GM31/GL31 -> 0 | GO31: =LOOKUP(GN31,$GW$25:$GX$28) -> 1 | GP31: =SUM(GJ31:GK31)*GO31 -> #DIV/0! | GQ31: =SUM(FG31,GI31,GP31) -> #DIV/0! | GR31: =SUM('REPS분양물량+계획'!G16:I16)/3 -> 0 | GS31: =GR31/GQ31 -> #DIV/0! | GT31: =LOOKUP(GS31,$GW$16:$GX$20) -> #DIV/0!
A32: 강원도 | B32: 평창군 | C32: ='주택총조사(거처의종류, 일반,외국인가구, 전체)'!H18 -> 17612 | D32: ='주택총조사(거처의종류, 일반,외국인가구, 전체)'!K18 -> 17758 | E32: ='주택총조사(거처의종류, 일반,외국인가구, 전체)'!N18 -> 18305 | F32: ='주택총조사(거처의종류, 일반,외국인가구, 전체)'!Q18 -> 18519 | G32: ='주택총조사(거처의종류, 일반,외국인가구, 전체)'!T18 -> 18704 | H32: ='주택총조사(거처의종류, 일반,외국인가구, 전체)'!W18 -> 19175 | I32: =D32-C32-T32 -> 0 | J32: =E32-D32-U32 -> 54 | K32: =F32-E32-V32 -> -174 | L32: =G32-F32-W32 -> -20 | M32: =H32-G32-X32 -> -78 | N32: ='인구총조사(가구, 1인가구)'!D18 -> 6154 | O32: ='인구총조사(가구, 1인가구)'!E18 -> 6300 | P32: ='인구총조사(가구, 1인가구)'!F18 -> 6793 | Q32: ='인구총조사(가구, 1인가구)'!G18 -> 7181 | R32: ='인구총조사(가구, 1인가구)'!H18 -> 7386 | S32: ='인구총조사(가구, 1인가구)'!I18 -> 7935 | T32: =O32-N32 -> 146 | U32: =P32-O32 -> 493 | V32: =Q32-P32 -> 388 | W32: =R32-Q32 -> 205 | X32: =S32-R32 -> 549 | Y32: ='주택총조사(거처의종류, 일반,외국인가구, 아파트)'!K18/'주택총조사(거처의종류, 일반,외국인가구, 전체)'!K18 -> 0.15885798 | Z32: ='주택총조사(거처의종류, 일반,외국인가구, 아파트)'!N18/'주택총조사(거처의종류, 일반,외국인가구, 전체)'!N18 -> 0.16066648 | AA32: ='주택총조사(거처의종류, 일반,외국인가구, 아파트)'!Q18/'주택총조사(거처의종류, 일반,외국인가구, 전체)'!Q18 -> 0.15978185 | AB32: ='주택총조사(거처의종류, 일반,외국인가구, 아파트)'!T18/'주택총조사(거처의종류, 일반,외국인가구, 전체)'!T18 -> 0.16333405 | AC32: ='주택총조사(거처의종류, 일반,외국인가구, 아파트)'!W18/'주택총조사(거처의종류, 일반,외국인가구, 전체)'!W18 -> 0.1620339 | AD32: =I32*Y32 -> 0 | AE32: =J32*Z32 -> 8.6759902 | AF32: =K32*AA32 -> -27.802041 | AG32: =L32*AB32 -> -3.2666809 | AH32: =M32*AC32 -> -12.638644 | AI32: =AVERAGE(AD32:AH32) -> -7.0062752 | AJ32: =T32*Y32 -> 23.193265 | AK32: =U32*Z32 -> 79.208577 | AL32: =V32*AA32 -> 61.995356 | AM32: =W32*AB32 -> 33.483479 | AN32: =X32*AC32 -> 88.95661 | AO32: =AVERAGE(AJ32:AN32) -> 57.367458 | AP32: =AD32+AJ32 -> 23.193265 | AQ32: =AE32+AK32 -> 87.884567 | AR32: =AF32+AL32 -> 34.193315 | AS32: =AG32+AM32 -> 30.216799 | AT32: =AH32+AN32 -> 76.317966 | AU32: =AVERAGE(AP32:AT32) -> 50.361182 | AV32: ='주택총조사(거처의종류, 일반,외국인가구, 전체)'!I18 -> 166 | AW32: ='주택총조사(거처의종류, 일반,외국인가구, 전체)'!L18 -> 181 | AX32: ='주택총조사(거처의종류, 일반,외국인가구, 전체)'!O18 -> 194 | AY32: ='주택총조사(거처의종류, 일반,외국인가구, 전체)'!R18 -> 216 | AZ32: ='주택총조사(거처의종류, 일반,외국인가구, 전체)'!U18 -> 234 | BA32: ='주택총조사(거처의종류, 일반,외국인가구, 전체)'!X18 -> 322 | BB32: =AW32-AV32 -> 15 | BC32: =AX32-AW32 -> 13 | BD32: =AY32-AX32 -> 22 | BE32: =AZ32-AY32 -> 18 | BF32: =BA32-AZ32 -> 88 | BG32: ='주택총조사(거처의종류, 일반,외국인가구, 아파트)'!L18/'주택총조사(거처의종류, 일반,외국인가구, 전체)'!L18 -> 0.14364641 | BH32: ='주택총조사(거처의종류, 일반,외국인가구, 아파트)'!O18/'주택총조사(거처의종류, 일반,외국인가구, 전체)'!O18 -> 0.15979381 | BI32: ='주택총조사(거처의종류, 일반,외국인가구, 아파트)'!R18/'주택총조사(거처의종류, 일반,외국인가구, 전체)'!R18 -> 0.18055556 | BJ32: ='주택총조사(거처의종류, 일반,외국인가구, 아파트)'!U18/'주택총조사(거처의종류, 일반,외국인가구, 전체)'!U18 -> 0.16666667 | BK32: ='주택총조사(거처의종류, 일반,외국인가구, 아파트)'!X18/'주택총조사(거처의종류, 일반,외국인가구, 전체)'!X18 -> 0.12111801 | BL32: =BB32*BG32 -> 2.1546961 | BM32: =BC32*BH32 -> 2.0773196 | BN32: =BD32*BI32 -> 3.9722222 | BO32: =BE32*BJ32 -> 3 | BP32: =BF32*BK32 -> 10.658385 | BQ32: =AVERAGE(BL32:BP32) -> 4.3725246 | BR32: =REPS멸실!E17 -> 0 | BS32: =REPS멸실!F17 -> 0 | BT32: =REPS멸실!G17 -> 0 | BU32: =REPS멸실!H17 -> 0 | BV32: =REPS멸실!I17 -> 0 | BW32: =AVERAGE(BR32:BV32) -> 0 | BX32: =SUM(AU32,BQ32,BW32) -> 54.733707 | BY32: =SUM('주택소유통계(다주택자)'!Q18:R18) -> 2748 | BZ32: =SUM('주택소유통계(다주택자)'!U18:V18) -> 2695 | CA32: =SUM('주택소유통계(다주택자)'!Y18:Z18) -> 2797 | CB32: =SUM('주택소유통계(다주택자)'!AC18:AD18) -> 2936 | CC32: =BZ32-BY32 -> -53 | CD32: =CA32-BZ32 -> 102 | CE32: =CB32-CA32 -> 139 | CF32: ='REPS거래량(외지인)'!D18/'REPS거래량(외지인)'!C18 -> 0.33982301 | CG32: ='REPS거래량(외지인)'!I18/'REPS거래량(외지인)'!H18 -> 0.35330579 | CH32: ='REPS거래량(외지인)'!N18/'REPS거래량(외지인)'!M18 -> 0.38679245 | CI32: =REPS단위당실거래!G17 -> 558.4 | CJ32: =REPS단위당실거래!H17 -> 564.5 | CK32: =REPS단위당실거래!I17 -> 602.5 | CL32: 0 | CM32: 0 | CN32: 0 | CO32: =CI32/CL32 -> #DIV/0! | CP32: =CJ32/CM32 -> #DIV/0! | CQ32: =CK32/CN32 -> #DIV/0! | CR32: 0.2 | CS32: 0.3 | CT32: 0.5 | CU32: =CC32*CF32*CO32*CR32 -> #DIV/0! | CV32: =CD32*CG32*CP32*CS32 -> #DIV/0! | CW32: =CE32*CH32*CQ32*CT32 -> #DIV/0! | CX32: =AVERAGE(CU32:CW32) -> #DIV/0! | CY32: =REPS분양물량!H17 -> 0 | CZ32: =REPS분양물량!I17 -> 0 | DA32: =REPS분양물량!J17 -> 0 | DB32: =REPS미분양!F17 -> 696 | DC32: =REPS미분양!G17 -> 375 | DD32: =REPS미분양!H17 -> 335 | DE32: =REPS미분양!I17 -> 283 | DF32: =SUM(CY32,DB32) -> 696 | DG32: =SUM(CZ32,DC32) -> 375 | DH32: =SUM(DA32,DD32) -> 335 | DI32: =DF32-DC32 -> 321 | DJ32: =DG32-DD32 -> 40 | DK32: =DH32-DE32 -> 52 | DL32: 558.4 | DM32: 564.5 | DN32: 602.5 | DO32: ='REPS분양가(분기단위)'!D17 -> 0 | DP32: ='REPS분양가(분기단위)'!E17 -> 0 | DQ32: ='REPS분양가(분기단위)'!F17 -> 0 | DR32: =DL32/DO32 -> #DIV/0! | DS32: =DM32/DP32 -> #DIV/0! | DT32: =DN32/DQ32 -> #DIV/0! | DU32: =100%-종합!CF32 -> 0.66017699 | DV32: =100%-종합!CG32 -> 0.64669421 | DW32: =100%-종합!CH32 -> 0.61320755 | DX32: 0.2 | DY32: 0.3 | DZ32: 0.5 | EA32: =DI32*DR32*DU32*DX32 -> #DIV/0! | EB32: =DJ32*DS32*DV32*DY32 -> #DIV/0! | EC32: =DK32*DT32*DW32*DZ32 -> #DIV/0! | ED32: =AVERAGE(EA32:EC32) -> #DIV/0! | EE32: =CX32+ED32 -> #DIV/0! | EF32: =BX32+EE32 -> #DIV/0! | EG32: =REPS단위당실거래!I17 -> 602.5 | EH32: =DQ32 -> 0 | EI32: =ROUND(EH32*34,-2) -> 0 | EJ32: =EI32*0.55 -> 0 | EK32: 0 | EL32: =FZ32 -> 0 | EM32: 0.74 | EN32: 0.05 | EO32: =EK32*EL32*EM32*EN32 -> 0 | EP32: =REPS단위당실거래!I17 -> 602.5 | EQ32: =DQ32 -> 0 | ER32: =ROUND(EQ32*34,-2) -> 0 | ES32: =ER32*0.55 -> 0 | ET32: 0 | EU32: =FZ32 -> 0 | EV32: 0.26 | EW32: 0.2 | EX32: =ET32*EU32*EV32*EW32 -> 0 | EY32: ='주택총조사(주택의종류)'!AZ18 -> 0.25592181 | EZ32: ='주택총조사(주택의종류)'!AS18 -> 0.58222019 | FA32: ='주택총조사(주택의종류)'!BG18 -> 0.13921674 | FB32: =SUM(EZ32:FA32)/EY32 -> 2.818974 | FC32: =SUM(EO32,EX32)*FB32 -> 0 | FD32: 0.4 | FE32: 0.6 | FF32: =FC32*FD32*FE32 -> 0 | FG32: =SUM(EO32,EX32,FF32) -> 0 | FH32: 0.0394 | FI32: 30 | FJ32: 0.6 | FK32: 0.4 | FL32: =ROUND(EH32*34,-3) -> 0 | FM32: =ROUND(EH32*34*FJ32,-2) -> 0 | FN32: =PMT(FH32/12,FI32*12,FM32) -> 0 | FO32: =-ROUND(FN32/FK32,-1)*12 -> 0 | FP32: - | FQ32: 76 | FR32: 552 | FS32: 862 | FT32: 447 | FU32: 273 | FV32: 243 | FW32: 516 | FX32: 343 | FY32: =SUM(FP32:FX32) -> 3312 | FZ32: 0 | GA32: =SUM(AO32,BQ32) -> 61.739982 | GB32: 0.3 | GC32: =FZ32 -> 0 | GD32: =GA32*GB32*GC32 -> 0 | GE32: =SUM(AI32,BW32) -> -7.0062752 | GF32: 0.7 | GG32: =FZ32 -> 0 | GH32: =GE32*GF32*GG32 -> 0 | GI32: =GD32+GH32 -> 0 | GJ32: =CX32 -> #DIV/0! | GK32: =ED32 -> #DIV/0! | GL32: =SUM('주택총조사(주택의종류)'!AD18:AF18) -> 8896 | GM32: =REPS미분양!I17 -> 283 | GN32: =GM32/GL32 -> 0.03181205 | GO32: =LOOKUP(GN32,$GW$25:$GX$28) -> 0.4 | GP32: =SUM(GJ32:GK32)*GO32 -> #DIV/0! | GQ32: =SUM(FG32,GI32,GP32) -> #DIV/0! | GR32: =SUM('REPS분양물량+계획'!G17:I17)/3 -> 0 | GS32: =GR32/GQ32 -> #DIV/0! | GT32: =LOOKUP(GS32,$GW$16:$GX$20) -> #DIV/0!
A33: 강원도 | B33: 홍천군 | C33: ='주택총조사(거처의종류, 일반,외국인가구, 전체)'!H19 -> 28314 | D33: ='주택총조사(거처의종류, 일반,외국인가구, 전체)'!K19 -> 28356 | E33: ='주택총조사(거처의종류, 일반,외국인가구, 전체)'!N19 -> 29207 | F33: ='주택총조사(거처의종류, 일반,외국인가구, 전체)'!Q19 -> 29649 | G33: ='주택총조사(거처의종류, 일반,외국인가구, 전체)'!T19 -> 30034 | H33: ='주택총조사(거처의종류, 일반,외국인가구, 전체)'!W19 -> 30685 | I33: =D33-C33-T33 -> -101 | J33: =E33-D33-U33 -> 182 | K33: =F33-E33-V33 -> -243 | L33: =G33-F33-W33 -> -33 | M33: =H33-G33-X33 -> -190 | N33: ='인구총조사(가구, 1인가구)'!D19 -> 9063 | O33: ='인구총조사(가구, 1인가구)'!E19 -> 9206 | P33: ='인구총조사(가구, 1인가구)'!F19 -> 9875 | Q33: ='인구총조사(가구, 1인가구)'!G19 -> 10560 | R33: ='인구총조사(가구, 1인가구)'!H19 -> 10978 | S33: ='인구총조사(가구, 1인가구)'!I19 -> 11819 | T33: =O33-N33 -> 143 | U33: =P33-O33 -> 669 | V33: =Q33-P33 -> 685 | W33: =R33-Q33 -> 418 | X33: =S33-R33 -> 841 | Y33: ='주택총조사(거처의종류, 일반,외국인가구, 아파트)'!K19/'주택총조사(거처의종류, 일반,외국인가구, 전체)'!K19 -> 0.24199464 | Z33: ='주택총조사(거처의종류, 일반,외국인가구, 아파트)'!N19/'주택총조사(거처의종류, 일반,외국인가구, 전체)'!N19 -> 0.24579724 | AA33: ='주택총조사(거처의종류, 일반,외국인가구, 아파트)'!Q19/'주택총조사(거처의종류, 일반,외국인가구, 전체)'!Q19 -> 0.23997437 | AB33: ='주택총조사(거처의종류, 일반,외국인가구, 아파트)'!T19/'주택총조사(거처의종류, 일반,외국인가구, 전체)'!T19 -> 0.22877406 | AC33: ='주택총조사(거처의종류, 일반,외국인가구, 아파트)'!W19/'주택총조사(거처의종류, 일반,외국인가구, 전체)'!W19 -> 0.22450709 | AD33: =I33*Y33 -> -24.441459 | AE33: =J33*Z33 -> 44.735098 | AF33: =K33*AA33 -> -58.313771 | AG33: =L33*AB33 -> -7.5495439 | AH33: =M33*AC33 -> -42.656347 | AI33: =AVERAGE(AD33:AH33) -> -17.645205 | AJ33: =T33*Y33 -> 34.605233 | AK33: =U33*Z33 -> 164.43835 | AL33: =V33*AA33 -> 164.38244 | AM33: =W33*AB33 -> 95.627555 | AN33: =X33*AC33 -> 188.81046 | AO33: =AVERAGE(AJ33:AN33) -> 129.57281 | AP33: =AD33+AJ33 -> 10.163775 | AQ33: =AE33+AK33 -> 209.17345 | AR33: =AF33+AL33 -> 106.06867 | AS33: =AG33+AM33 -> 88.078012 | AT33: =AH33+AN33 -> 146.15411 | AU33: =AVERAGE(AP33:AT33) -> 111.9276 | AV33: ='주택총조사(거처의종류, 일반,외국인가구, 전체)'!I19 -> 328 | AW33: ='주택총조사(거처의종류, 일반,외국인가구, 전체)'!L19 -> 326 | AX33: ='주택총조사(거처의종류, 일반,외국인가구, 전체)'!O19 -> 284 | AY33: ='주택총조사(거처의종류, 일반,외국인가구, 전체)'!R19 -> 298 | AZ33: ='주택총조사(거처의종류, 일반,외국인가구, 전체)'!U19 -> 329 | BA33: ='주택총조사(거처의종류, 일반,외국인가구, 전체)'!X19 -> 446 | BB33: =AW33-AV33 -> -2 | BC33: =AX33-AW33 -> -42 | BD33: =AY33-AX33 -> 14 | BE33: =AZ33-AY33 -> 31 | BF33: =BA33-AZ33 -> 117 | BG33: ='주택총조사(거처의종류, 일반,외국인가구, 아파트)'!L19/'주택총조사(거처의종류, 일반,외국인가구, 전체)'!L19 -> 0.073619632 | BH33: ='주택총조사(거처의종류, 일반,외국인가구, 아파트)'!O19/'주택총조사(거처의종류, 일반,외국인가구, 전체)'!O19 -> 0.070422535 | BI33: ='주택총조사(거처의종류, 일반,외국인가구, 아파트)'!R19/'주택총조사(거처의종류, 일반,외국인가구, 전체)'!R19 -> 0.080536913 | BJ33: ='주택총조사(거처의종류, 일반,외국인가구, 아파트)'!U19/'주택총조사(거처의종류, 일반,외국인가구, 전체)'!U19 -> 0.082066869 | BK33: ='주택총조사(거처의종류, 일반,외국인가구, 아파트)'!X19/'주택총조사(거처의종류, 일반,외국인가구, 전체)'!X19 -> 0.071748879 | BL33: =BB33*BG33 -> -0.14723926 | BM33: =BC33*BH33 -> -2.9577465 | BN33: =BD33*BI33 -> 1.1275168 | BO33: =BE33*BJ33 -> 2.5440729 | BP33: =BF33*BK33 -> 8.3946188 | BQ33: =AVERAGE(BL33:BP33) -> 1.7922446 | BR33: =REPS멸실!E18 -> 0 | BS33: =REPS멸실!F18 -> 0 | BT33: =REPS멸실!G18 -> 0 | BU33: =REPS멸실!H18 -> 0 | BV33: =REPS멸실!I18 -> 0 | BW33: =AVERAGE(BR33:BV33) -> 0 | BX33: =SUM(AU33,BQ33,BW33) -> 113.71985 | BY33: =SUM('주택소유통계(다주택자)'!Q19:R19) -> 4853 | BZ33: =SUM('주택소유통계(다주택자)'!U19:V19) -> 4744 | CA33: =SUM('주택소유통계(다주택자)'!Y19:Z19) -> 5008 | CB33: =SUM('주택소유통계(다주택자)'!AC19:AD19) -> 5299 | CC33: =BZ33-BY33 -> -109 | CD33: =CA33-BZ33 -> 264 | CE33: =CB33-CA33 -> 291 | CF33: ='REPS거래량(외지인)'!D19/'REPS거래량(외지인)'!C19 -> 0.71734893 | CG33: ='REPS거래량(외지인)'!I19/'REPS거래량(외지인)'!H19 -> 0.7122093 | CH33: ='REPS거래량(외지인)'!N19/'REPS거래량(외지인)'!M19 -> 0.73743017 | CI33: =REPS단위당실거래!G18 -> 642.2 | CJ33: =REPS단위당실거래!H18 -> 616.3 | CK33: =REPS단위당실거래!I18 -> 627.8 | CL33: 1313 | CM33: 1265 | CN33: 1408 | CO33: =CI33/CL33 -> 0.48910891 | CP33: =CJ33/CM33 -> 0.48719368 | CQ33: =CK33/CN33 -> 0.44588068 | CR33: 0.2 | CS33: 0.3 | CT33: 0.5 | CU33: =CC33*CF33*CO33*CR33 -> -7.6487862 | CV33: =CD33*CG33*CP33*CS33 -> 27.481122 | CW33: =CE33*CH33*CQ33*CT33 -> 47.841253 | CX33: =AVERAGE(CU33:CW33) -> 22.557863 | CY33: =REPS분양물량!H18 -> 264 | CZ33: =REPS분양물량!I18 -> 100 | DA33: =REPS분양물량!J18 -> 0 | DB33: =REPS미분양!F18 -> 7 | DC33: =REPS미분양!G18 -> 5 | DD33: =REPS미분양!H18 -> 5 | DE33: =REPS미분양!I18 -> 5 | DF33: =SUM(CY33,DB33) -> 271 | DG33: =SUM(CZ33,DC33) -> 105 | DH33: =SUM(DA33,DD33) -> 5 | DI33: =DF33-DC33 -> 266 | DJ33: =DG33-DD33 -> 100 | DK33: =DH33-DE33 -> 0 | DL33: 642.2 | DM33: 616.3 | DN33: 627.8 | DO33: ='REPS분양가(분기단위)'!D18 -> 1313 | DP33: ='REPS분양가(분기단위)'!E18 -> 1265 | DQ33: ='REPS분양가(분기단위)'!F18 -> 1408 | DR33: =DL33/DO33 -> 0.48910891 | DS33: =DM33/DP33 -> 0.48719368 | DT33: =DN33/DQ33 -> 0.44588068 | DU33: =100%-종합!CF33 -> 0.28265107 | DV33: =100%-종합!CG33 -> 0.2877907 | DW33: =100%-종합!CH33 -> 0.26256983 | DX33: 0.2 | DY33: 0.3 | DZ33: 0.5 | EA33: =DI33*DR33*DU33*DX33 -> 7.3547488 | EB33: =DJ33*DS33*DV33*DY33 -> 4.2062942 | EC33: =DK33*DT33*DW33*DZ33 -> 0 | ED33: =AVERAGE(EA33:EC33) -> 3.853681 | EE33: =CX33+ED33 -> 26.411544 | EF33: =BX33+EE33 -> 140.13139 | EG33: =REPS단위당실거래!I18 -> 627.8 | EH33: =DQ33 -> 1408 | EI33: =ROUND(EH33*34,-2) -> 47900 | EJ33: =EI33*0.55 -> 26345 | EK33: 1491 | EL33: =FZ33 -> 0.60170307 | EM33: 0.74 | EN33: 0.05 | EO33: =EK33*EL33*EM33*EN33 -> 33.194153 | EP33: =REPS단위당실거래!I18 -> 627.8 | EQ33: =DQ33 -> 1408 | ER33: =ROUND(EQ33*34,-2) -> 47900 | ES33: =ER33*0.55 -> 26345 | ET33: 159 | EU33: =FZ33 -> 0.60170307 | EV33: 0.26 | EW33: 0.2 | EX33: =ET33*EU33*EV33*EW33 -> 4.974881 | EY33: ='주택총조사(주택의종류)'!AZ19 -> 0.27118981 | EZ33: ='주택총조사(주택의종류)'!AS19 -> 0.63403 | FA33: ='주택총조사(주택의종류)'!BG19 -> 0.07260075 | FB33: =SUM(EZ33:FA33)/EY33 -> 2.6056685 | FC33: =SUM(EO33,EX33)*FB33 -> 99.455852 | FD33: 0.4 | FE33: 0.6 | FF33: =FC33*FD33*FE33 -> 23.869404 | FG33: =SUM(EO33,EX33,FF33) -> 62.038438 | FH33: 0.0394 | FI33: 30 | FJ33: 0.6 | FK33: 0.4 | FL33: =ROUND(EH33*34,-3) -> 48000 | FM33: =ROUND(EH33*34*FJ33,-2) -> 28700 | FN33: =PMT(FH33/12,FI33*12,FM33) -> -136.0273 | FO33: =-ROUND(FN33/FK33,-1)*12 -> 4080 | FP33: 58 | FQ33: 145 | FR33: 1097 | FS33: 1679 | FT33: 847 | FU33: 735 | FV33: 698 | FW33: 1481 | FX33: 952 | FY33: =SUM(FP33:FX33) -> 7692 | FZ33: =(SUM(FU33:FX33)/FY33)+(FT33/FY33)*0.9 -> 0.60170307 | GA33: =SUM(AO33,BQ33) -> 131.36505 | GB33: 0.3 | GC33: =FZ33 -> 0.60170307 | GD33: =GA33*GB33*GC33 -> 23.712827 | GE33: =SUM(AI33,BW33) -> -17.645205 | GF33: 0.7 | GG33: =FZ33 -> 0.60170307 | GH33: =GE33*GF33*GG33 -> -7.4320216 | GI33: =GD33+GH33 -> 16.280805 | GJ33: =CX33 -> 22.557863 | GK33: =ED33 -> 3.853681 | GL33: =SUM('주택총조사(주택의종류)'!AD19:AF19) -> 10540 | GM33: =REPS미분양!I18 -> 5 | GN33: =GM33/GL33 -> 0.0004743833 | GO33: =LOOKUP(GN33,$GW$25:$GX$28) -> 1 | GP33: =SUM(GJ33:GK33)*GO33 -> 26.411544 | GQ33: =SUM(FG33,GI33,GP33) -> 104.73079 | GR33: =SUM('REPS분양물량+계획'!G18:I18)/3 -> 146.33333 | GS33: =GR33/GQ33 -> 1.3972332 | GT33: =LOOKUP(GS33,$GW$16:$GX$20) -> B등급
A34: 강원도 | B34: 화천군 | C34: ='주택총조사(거처의종류, 일반,외국인가구, 전체)'!H20 -> 10169 | D34: ='주택총조사(거처의종류, 일반,외국인가구, 전체)'!K20 -> 9713 | E34: ='주택총조사(거처의종류, 일반,외국인가구, 전체)'!N20 -> 9899 | F34: ='주택총조사(거처의종류, 일반,외국인가구, 전체)'!Q20 -> 10005 | G34: ='주택총조사(거처의종류, 일반,외국인가구, 전체)'!T20 -> 10007 | H34: ='주택총조사(거처의종류, 일반,외국인가구, 전체)'!W20 -> 10239 | I34: =D34-C34-T34 -> 7 | J34: =E34-D34-U34 -> 111 | K34: =F34-E34-V34 -> -144 | L34: =G34-F34-W34 -> -143 | M34: =H34-G34-X34 -> -102 | N34: ='인구총조사(가구, 1인가구)'!D20 -> 3769 | O34: ='인구총조사(가구, 1인가구)'!E20 -> 3306 | P34: ='인구총조사(가구, 1인가구)'!F20 -> 3381 | Q34: ='인구총조사(가구, 1인가구)'!G20 -> 3631 | R34: ='인구총조사(가구, 1인가구)'!H20 -> 3776 | S34: ='인구총조사(가구, 1인가구)'!I20 -> 4110 | T34: =O34-N34 -> -463 | U34: =P34-O34 -> 75 | V34: =Q34-P34 -> 250 | W34: =R34-Q34 -> 145 | X34: =S34-R34 -> 334 | Y34: ='주택총조사(거처의종류, 일반,외국인가구, 아파트)'!K20/'주택총조사(거처의종류, 일반,외국인가구, 전체)'!K20 -> 0.24863585 | Z34: ='주택총조사(거처의종류, 일반,외국인가구, 아파트)'!N20/'주택총조사(거처의종류, 일반,외국인가구, 전체)'!N20 -> 0.24760077 | AA34: ='주택총조사(거처의종류, 일반,외국인가구, 아파트)'!Q20/'주택총조사(거처의종류, 일반,외국인가구, 전체)'!Q20 -> 0.25517241 | AB34: ='주택총조사(거처의종류, 일반,외국인가구, 아파트)'!T20/'주택총조사(거처의종류, 일반,외국인가구, 전체)'!T20 -> 0.25092435 | AC34: ='주택총조사(거처의종류, 일반,외국인가구, 아파트)'!W20/'주택총조사(거처의종류, 일반,외국인가구, 전체)'!W20 -> 0.23635121 | AD34: =I34*Y34 -> 1.7404509 | AE34: =J34*Z34 -> 27.483685 | AF34: =K34*AA34 -> -36.744828 | AG34: =L34*AB34 -> -35.882182 | AH34: =M34*AC34 -> -24.107823 | AI34: =AVERAGE(AD34:AH34) -> -13.502139 | AJ34: =T34*Y34 -> -115.1184 | AK34: =U34*Z34 -> 18.570058 | AL34: =V34*AA34 -> 63.793103 | AM34: =W34*AB34 -> 36.384031 | AN34: =X34*AC34 -> 78.941303 | AO34: =AVERAGE(AJ34:AN34) -> 16.514019 | AP34: =AD34+AJ34 -> -113.37795 | AQ34: =AE34+AK34 -> 46.053743 | AR34: =AF34+AL34 -> 27.048276 | AS34: =AG34+AM34 -> 0.50184871 | AT34: =AH34+AN34 -> 54.83348 | AU34: =AVERAGE(AP34:AT34) -> 3.01188 | AV34: ='주택총조사(거처의종류, 일반,외국인가구, 전체)'!I20 -> 93 | AW34: ='주택총조사(거처의종류, 일반,외국인가구, 전체)'!L20 -> 99 | AX34: ='주택총조사(거처의종류, 일반,외국인가구, 전체)'!O20 -> 83 | AY34: ='주택총조사(거처의종류, 일반,외국인가구, 전체)'!R20 -> 93 | AZ34: ='주택총조사(거처의종류, 일반,외국인가구, 전체)'!U20 -> 99 | BA34: ='주택총조사(거처의종류, 일반,외국인가구, 전체)'!X20 -> 148 | BB34: =AW34-AV34 -> 6 | BC34: =AX34-AW34 -> -16 | BD34: =AY34-AX34 -> 10 | BE34: =AZ34-AY34 -> 6 | BF34: =BA34-AZ34 -> 49 | BG34: ='주택총조사(거처의종류, 일반,외국인가구, 아파트)'!L20/'주택총조사(거처의종류, 일반,외국인가구, 전체)'!L20 -> 0 | BH34: ='주택총조사(거처의종류, 일반,외국인가구, 아파트)'!O20/'주택총조사(거처의종류, 일반,외국인가구, 전체)'!O20 -> 0.096385542 | BI34: ='주택총조사(거처의종류, 일반,외국인가구, 아파트)'!R20/'주택총조사(거처의종류, 일반,외국인가구, 전체)'!R20 -> 0.096774194 | BJ34: ='주택총조사(거처의종류, 일반,외국인가구, 아파트)'!U20/'주택총조사(거처의종류, 일반,외국인가구, 전체)'!U20 -> 0.12121212 | BK34: ='주택총조사(거처의종류, 일반,외국인가구, 아파트)'!X20/'주택총조사(거처의종류, 일반,외국인가구, 전체)'!X20 -> 0.054054054 | BL34: =BB34*BG34 -> 0 | BM34: =BC34*BH34 -> -1.5421687 | BN34: =BD34*BI34 -> 0.96774194 | BO34: =BE34*BJ34 -> 0.72727273 | BP34: =BF34*BK34 -> 2.6486486 | BQ34: =AVERAGE(BL34:BP34) -> 0.56029893 | BR34: =REPS멸실!E19 -> 0 | BS34: =REPS멸실!F19 -> 0 | BT34: =REPS멸실!G19 -> 0 | BU34: =REPS멸실!H19 -> 0 | BV34: =REPS멸실!I19 -> 0 | BW34: =AVERAGE(BR34:BV34) -> 0 | BX34: =SUM(AU34,BQ34,BW34) -> 3.572179 | BY34: =SUM('주택소유통계(다주택자)'!Q20:R20) -> 1185 | BZ34: =SUM('주택소유통계(다주택자)'!U20:V20) -> 1196 | CA34: =SUM('주택소유통계(다주택자)'!Y20:Z20) -> 1227 | CB34: =SUM('주택소유통계(다주택자)'!AC20:AD20) -> 1289 | CC34: =BZ34-BY34 -> 11 | CD34: =CA34-BZ34 -> 31 | CE34: =CB34-CA34 -> 62 | CF34: ='REPS거래량(외지인)'!D20/'REPS거래량(외지인)'!C20 -> 0.74509804 | CG34: ='REPS거래량(외지인)'!I20/'REPS거래량(외지인)'!H20 -> 0.74193548 | CH34: ='REPS거래량(외지인)'!N20/'REPS거래량(외지인)'!M20 -> 0.75609756 | CI34: =REPS단위당실거래!G19 -> 655.1 | CJ34: =REPS단위당실거래!H19 -> 751.1 | CK34: =REPS단위당실거래!I19 -> 746.1 | CL34: 0 | CM34: 0 | CN34: 0 | CO34: 0 | CP34: 0 | CQ34: 0 | CR34: 0.2 | CS34: 0.3 | CT34: 0.5 | CU34: =CC34*CF34*CO34*CR34 -> 0 | CV34: =CD34*CG34*CP34*CS34 -> 0 | CW34: =CE34*CH34*CQ34*CT34 -> 0 | CX34: =AVERAGE(CU34:CW34) -> 0 | CY34: =REPS분양물량!H19 -> 0 | CZ34: =REPS분양물량!I19 -> 120 | DA34: =REPS분양물량!J19 -> 0 | DB34: =REPS미분양!F19 -> 0 | DC34: =REPS미분양!G19 -> 0 | DD34: =REPS미분양!H19 -> 0 | DE34: =REPS미분양!I19 -> 0 | DF34: =SUM(CY34,DB34) -> 0 | DG34: =SUM(CZ34,DC34) -> 120 | DH34: =SUM(DA34,DD34) -> 0 | DI34: =DF34-DC34 -> 0 | DJ34: =DG34-DD34 -> 120 | DK34: =DH34-DE34 -> 0 | DL34: 655.1 | DM34: 751.1 | DN34: 746.1 | DO34: ='REPS분양가(분기단위)'!D19 -> 0 | DP34: ='REPS분양가(분기단위)'!E19 -> 0 | DQ34: ='REPS분양가(분기단위)'!F19 -> 0 | DR34: =DL34/DO34 -> #DIV/0! | DS34: =DM34/DP34 -> #DIV/0! | DT34: =DN34/DQ34 -> #DIV/0! | DU34: =100%-종합!CF34 -> 0.25490196 | DV34: =100%-종합!CG34 -> 0.25806452 | DW34: =100%-종합!CH34 -> 0.24390244 | DX34: 0.2 | DY34: 0.3 | DZ34: 0.5 | EA34: =DI34*DR34*DU34*DX34 -> #DIV/0! | EB34: =DJ34*DS34*DV34*DY34 -> #DIV/0! | EC34: =DK34*DT34*DW34*DZ34 -> #DIV/0! | ED34: =AVERAGE(EA34:EC34) -> #DIV/0! | EE34: =CX34+ED34 -> #DIV/0! | EF34: =BX34+EE34 -> #DIV/0! | EG34: =REPS단위당실거래!I19 -> 746.1 | EH34: =DQ34 -> 0 | EI34: =ROUND(EH34*34,-2) -> 0 | EJ34: =EI34*0.55 -> 0 | EK34: 0 | EL34: =FZ34 -> 0 | EM34: 0.74 | EN34: 0.05 | EO34: =EK34*EL34*EM34*EN34 -> 0 | EP34: =REPS단위당실거래!I19 -> 746.1 | EQ34: =DQ34 -> 0 | ER34: =ROUND(EQ34*34,-2) -> 0 | ES34: =ER34*0.55 -> 0 | ET34: 0 | EU34: =FZ34 -> 0 | EV34: 0.26 | EW34: 0.2 | EX34: =ET34*EU34*EV34*EW34 -> 0 | EY34: ='주택총조사(주택의종류)'!AZ20 -> 0.30628787 | EZ34: ='주택총조사(주택의종류)'!AS20 -> 0.59629459 | FA34: ='주택총조사(주택의종류)'!BG20 -> 0.073267463 | FB34: =SUM(EZ34:FA34)/EY34 -> 2.1860548 | FC34: =SUM(EO34,EX34)*FB34 -> 0 | FD34: 0.4 | FE34: 0.6 | FF34: =FC34*FD34*FE34 -> 0 | FG34: =SUM(EO34,EX34,FF34) -> 0 | FH34: 0.0394 | FI34: 30 | FJ34: 0.6 | FK34: 0.4 | FL34: =ROUND(EH34*34,-3) -> 0 | FM34: =ROUND(EH34*34*FJ34,-2) -> 0 | FN34: =PMT(FH34/12,FI34*12,FM34) -> 0 | FO34: =-ROUND(FN34/FK34,-1)*12 -> 0 | FP34: - | FQ34: - | FR34: 213 | FS34: 473 | FT34: 237 | FU34: 176 | FV34: 131 | FW34: 291 | FX34: 167 | FY34: =SUM(FP34:FX34) -> 1688 | FZ34: 0 | GA34: =SUM(AO34,BQ34) -> 17.074318 | GB34: 0.3 | GC34: =FZ34 -> 0 | GD34: =GA34*GB34*GC34 -> 0 | GE34: =SUM(AI34,BW34) -> -13.502139 | GF34: 0.7 | GG34: =FZ34 -> 0 | GH34: =GE34*GF34*GG34 -> 0 | GI34: =GD34+GH34 -> 0 | GJ34: =CX34 -> 0 | GK34: =ED34 -> #DIV/0! | GL34: =SUM('주택총조사(주택의종류)'!AD20:AF20) -> 3812 | GM34: =REPS미분양!I19 -> 0 | GN34: =GM34/GL34 -> 0 | GO34: =LOOKUP(GN34,$GW$25:$GX$28) -> 1 | GP34: =SUM(GJ34:GK34)*GO34 -> #DIV/0! | GQ34: =SUM(FG34,GI34,GP34) -> #DIV/0! | GR34: =SUM('REPS분양물량+계획'!G19:I19)/3 -> 0 | GS34: =GR34/GQ34 -> #DIV/0! | GT34: =LOOKUP(GS34,$GW$16:$GX$20) -> #DIV/0!
A35: 강원도 | B35: 횡성군 | C35: ='주택총조사(거처의종류, 일반,외국인가구, 전체)'!H21 -> 18612 | D35: ='주택총조사(거처의종류, 일반,외국인가구, 전체)'!K21 -> 18912 | E35: ='주택총조사(거처의종류, 일반,외국인가구, 전체)'!N21 -> 19524 | F35: ='주택총조사(거처의종류, 일반,외국인가구, 전체)'!Q21 -> 19910 | G35: ='주택총조사(거처의종류, 일반,외국인가구, 전체)'!T21 -> 20247 | H35: ='주택총조사(거처의종류, 일반,외국인가구, 전체)'!W21 -> 21006 | I35: =D35-C35-T35 -> 189 | J35: =E35-D35-U35 -> 187 | K35: =F35-E35-V35 -> 52 | L35: =G35-F35-W35 -> 91 | M35: =H35-G35-X35 -> -91 | N35: ='인구총조사(가구, 1인가구)'!D21 -> 5847 | O35: ='인구총조사(가구, 1인가구)'!E21 -> 5958 | P35: ='인구총조사(가구, 1인가구)'!F21 -> 6383 | Q35: ='인구총조사(가구, 1인가구)'!G21 -> 6717 | R35: ='인구총조사(가구, 1인가구)'!H21 -> 6963 | S35: ='인구총조사(가구, 1인가구)'!I21 -> 7813 | T35: =O35-N35 -> 111 | U35: =P35-O35 -> 425 | V35: =Q35-P35 -> 334 | W35: =R35-Q35 -> 246 | X35: =S35-R35 -> 850 | Y35: ='주택총조사(거처의종류, 일반,외국인가구, 아파트)'!K21/'주택총조사(거처의종류, 일반,외국인가구, 전체)'!K21 -> 0.19405668 | Z35: ='주택총조사(거처의종류, 일반,외국인가구, 아파트)'!N21/'주택총조사(거처의종류, 일반,외국인가구, 전체)'!N21 -> 0.19324933 | AA35: ='주택총조사(거처의종류, 일반,외국인가구, 아파트)'!Q21/'주택총조사(거처의종류, 일반,외국인가구, 전체)'!Q21 -> 0.20401808 | AB35: ='주택총조사(거처의종류, 일반,외국인가구, 아파트)'!T21/'주택총조사(거처의종류, 일반,외국인가구, 전체)'!T21 -> 0.20398084 | AC35: ='주택총조사(거처의종류, 일반,외국인가구, 아파트)'!W21/'주택총조사(거처의종류, 일반,외국인가구, 전체)'!W21 -> 0.19832429 | AD35: =I35*Y35 -> 36.676713 | AE35: =J35*Z35 -> 36.137625 | AF35: =K35*AA35 -> 10.60894 | AG35: =L35*AB35 -> 18.562256 | AH35: =M35*AC35 -> -18.04751 | AI35: =AVERAGE(AD35:AH35) -> 16.787605 | AJ35: =T35*Y35 -> 21.540292 | AK35: =U35*Z35 -> 82.130967 | AL35: =V35*AA35 -> 68.142039 | AM35: =W35*AB35 -> 50.179286 | AN35: =X35*AC35 -> 168.57565 | AO35: =AVERAGE(AJ35:AN35) -> 78.113646 | AP35: =AD35+AJ35 -> 58.217005 | AQ35: =AE35+AK35 -> 118.26859 | AR35: =AF35+AL35 -> 78.750979 | AS35: =AG35+AM35 -> 68.741542 | AT35: =AH35+AN35 -> 150.52813 | AU35: =AVERAGE(AP35:AT35) -> 94.901251 | AV35: ='주택총조사(거처의종류, 일반,외국인가구, 전체)'!I21 -> 199 | AW35: ='주택총조사(거처의종류, 일반,외국인가구, 전체)'!L21 -> 223 | AX35: ='주택총조사(거처의종류, 일반,외국인가구, 전체)'!O21 -> 221 | AY35: ='주택총조사(거처의종류, 일반,외국인가구, 전체)'!R21 -> 272 | AZ35: ='주택총조사(거처의종류, 일반,외국인가구, 전체)'!U21 -> 337 | BA35: ='주택총조사(거처의종류, 일반,외국인가구, 전체)'!X21 -> 450 | BB35: =AW35-AV35 -> 24 | BC35: =AX35-AW35 -> -2 | BD35: =AY35-AX35 -> 51 | BE35: =AZ35-AY35 -> 65 | BF35: =BA35-AZ35 -> 113 | BG35: ='주택총조사(거처의종류, 일반,외국인가구, 아파트)'!L21/'주택총조사(거처의종류, 일반,외국인가구, 전체)'!L21 -> 0.098654709 | BH35: ='주택총조사(거처의종류, 일반,외국인가구, 아파트)'!O21/'주택총조사(거처의종류, 일반,외국인가구, 전체)'!O21 -> 0.095022624 | BI35: ='주택총조사(거처의종류, 일반,외국인가구, 아파트)'!R21/'주택총조사(거처의종류, 일반,외국인가구, 전체)'!R21 -> 0.080882353 | BJ35: ='주택총조사(거처의종류, 일반,외국인가구, 아파트)'!U21/'주택총조사(거처의종류, 일반,외국인가구, 전체)'!U21 -> 0.065281899 | BK35: ='주택총조사(거처의종류, 일반,외국인가구, 아파트)'!X21/'주택총조사(거처의종류, 일반,외국인가구, 전체)'!X21 -> 0.066666667 | BL35: =BB35*BG35 -> 2.367713 | BM35: =BC35*BH35 -> -0.19004525 | BN35: =BD35*BI35 -> 4.125 | BO35: =BE35*BJ35 -> 4.2433234 | BP35: =BF35*BK35 -> 7.5333333 | BQ35: =AVERAGE(BL35:BP35) -> 3.6158649 | BR35: =REPS멸실!E20 -> 0 | BS35: =REPS멸실!F20 -> 0 | BT35: =REPS멸실!G20 -> 0 | BU35: =REPS멸실!H20 -> 0 | BV35: =REPS멸실!I20 -> 0 | BW35: =AVERAGE(BR35:BV35) -> 0 | BX35: =SUM(AU35,BQ35,BW35) -> 98.517116 | BY35: =SUM('주택소유통계(다주택자)'!Q21:R21) -> 3572 | BZ35: =SUM('주택소유통계(다주택자)'!U21:V21) -> 3574 | CA35: =SUM('주택소유통계(다주택자)'!Y21:Z21) -> 3730 | CB35: =SUM('주택소유통계(다주택자)'!AC21:AD21) -> 4048 | CC35: =BZ35-BY35 -> 2 | CD35: =CA35-BZ35 -> 156 | CE35: =CB35-CA35 -> 318 | CF35: ='REPS거래량(외지인)'!D21/'REPS거래량(외지인)'!C21 -> 0.59863946 | CG35: ='REPS거래량(외지인)'!I21/'REPS거래량(외지인)'!H21 -> 0.65 | CH35: ='REPS거래량(외지인)'!N21/'REPS거래량(외지인)'!M21 -> 0.66816143 | CI35: =REPS단위당실거래!G20 -> 552.8 | CJ35: =REPS단위당실거래!H20 -> 580.4 | CK35: =REPS단위당실거래!I20 -> 622.4 | CL35: 0 | CM35: 0 | CN35: 0 | CO35: =CI35/CL35 -> #DIV/0! | CP35: =CJ35/CM35 -> #DIV/0! | CQ35: =CK35/CN35 -> #DIV/0! | CR35: 0.2 | CS35: 0.3 | CT35: 0.5 | CU35: =CC35*CF35*CO35*CR35 -> #DIV/0! | CV35: =CD35*CG35*CP35*CS35 -> #DIV/0! | CW35: =CE35*CH35*CQ35*CT35 -> #DIV/0! | CX35: =AVERAGE(CU35:CW35) -> #DIV/0! | CY35: =REPS분양물량!H20 -> 0 | CZ35: =REPS분양물량!I20 -> 0 | DA35: =REPS분양물량!J20 -> 0 | DB35: =REPS미분양!F20 -> 127 | DC35: =REPS미분양!G20 -> 42 | DD35: =REPS미분양!H20 -> 7 | DE35: =REPS미분양!I20 -> 0 | DF35: =SUM(CY35,DB35) -> 127 | DG35: =SUM(CZ35,DC35) -> 42 | DH35: =SUM(DA35,DD35) -> 7 | DI35: =DF35-DC35 -> 85 | DJ35: =DG35-DD35 -> 35 | DK35: =DH35-DE35 -> 7 | DL35: 552.8 | DM35: 580.4 | DN35: 622.4 | DO35: ='REPS분양가(분기단위)'!D20 -> 0 | DP35: ='REPS분양가(분기단위)'!E20 -> 0 | DQ35: ='REPS분양가(분기단위)'!F20 -> 0 | DR35: =DL35/DO35 -> #DIV/0! | DS35: =DM35/DP35 -> #DIV/0! | DT35: =DN35/DQ35 -> #DIV/0! | DU35: =100%-종합!CF35 -> 0.40136054 | DV35: =100%-종합!CG35 -> 0.35 | DW35: =100%-종합!CH35 -> 0.33183857 | DX35: 0.2 | DY35: 0.3 | DZ35: 0.5 | EA35: =DI35*DR35*DU35*DX35 -> #DIV/0! | EB35: =DJ35*DS35*DV35*DY35 -> #DIV/0! | EC35: =DK35*DT35*DW35*DZ35 -> #DIV/0! | ED35: =AVERAGE(EA35:EC35) -> #DIV/0! | EE35: =CX35+ED35 -> #DIV/0! | EF35: =BX35+EE35 -> #DIV/0! | EG35: =REPS단위당실거래!I20 -> 622.4 | EH35: =DQ35 -> 0 | EI35: =ROUND(EH35*34,-2) -> 0 | EJ35: =EI35*0.55 -> 0 | EK35: 0 | EL35: =FZ35 -> 0 | EM35: 0.74 | EN35: 0.05 | EO35: =EK35*EL35*EM35*EN35 -> 0 | EP35: =REPS단위당실거래!I20 -> 622.4 | EQ35: =DQ35 -> 0 | ER35: =ROUND(EQ35*34,-2) -> 0 | ES35: =ER35*0.55 -> 0 | ET35: 0 | EU35: =FZ35 -> 0 | EV35: 0.26 | EW35: 0.2 | EX35: =ET35*EU35*EV35*EW35 -> 0 | EY35: ='주택총조사(주택의종류)'!AZ21 -> 0.22257689 | EZ35: ='주택총조사(주택의종류)'!AS21 -> 0.71682826 | FA35: ='주택총조사(주택의종류)'!BG21 -> 0.043123167 | FB35: =SUM(EZ35:FA35)/EY35 -> 3.4143321 | FC35: =SUM(EO35,EX35)*FB35 -> 0 | FD35: 0.4 | FE35: 0.6 | FF35: =FC35*FD35*FE35 -> 0 | FG35: =SUM(EO35,EX35,FF35) -> 0 | FH35: 0.0394 | FI35: 30 | FJ35: 0.6 | FK35: 0.4 | FL35: =ROUND(EH35*34,-3) -> 0 | FM35: =ROUND(EH35*34*FJ35,-2) -> 0 | FN35: =PMT(FH35/12,FI35*12,FM35) -> 0 | FO35: =-ROUND(FN35/FK35,-1)*12 -> 0 | FP35: - | FQ35: 56 | FR35: 625 | FS35: 890 | FT35: 493 | FU35: 432 | FV35: 407 | FW35: 896 | FX35: 532 | FY35: =SUM(FP35:FX35) -> 4331 | FZ35: 0 | GA35: =SUM(AO35,BQ35) -> 81.729511 | GB35: 0.3 | GC35: =FZ35 -> 0 | GD35: =GA35*GB35*GC35 -> 0 | GE35: =SUM(AI35,BW35) -> 16.787605 | GF35: 0.7 | GG35: =FZ35 -> 0 | GH35: =GE35*GF35*GG35 -> 0 | GI35: =GD35+GH35 -> 0 | GJ35: =CX35 -> #DIV/0! | GK35: =ED35 -> #DIV/0! | GL35: =SUM('주택총조사(주택의종류)'!AD21:AF21) -> 5607 | GM35: =REPS미분양!I20 -> 0 | GN35: =GM35/GL35 -> 0 | GO35: =LOOKUP(GN35,$GW$25:$GX$28) -> 1 | GP35: =SUM(GJ35:GK35)*GO35 -> #DIV/0! | GQ35: =SUM(FG35,GI35,GP35) -> #DIV/0! | GR35: =SUM('REPS분양물량+계획'!G20:I20)/3 -> 0 | GS35: =GR35/GQ35 -> #DIV/0! | GT35: =LOOKUP(GS35,$GW$16:$GX$20) -> #DIV/0!
A36: 경기도 | B36: 경기도 | C36: ='주택총조사(거처의종류, 일반,외국인가구, 전체)'!H22 -> 4751497 | D36: ='주택총조사(거처의종류, 일반,외국인가구, 전체)'!K22 -> 4907660 | E36: ='주택총조사(거처의종류, 일반,외국인가구, 전체)'!N22 -> 5098431 | F36: ='주택총조사(거처의종류, 일반,외국인가구, 전체)'!Q22 -> 5290662 | G36: ='주택총조사(거처의종류, 일반,외국인가구, 전체)'!T22 -> 5406963 | H36: ='주택총조사(거처의종류, 일반,외국인가구, 전체)'!W22 -> 5500024 | I36: =D36-C36-T36 -> 62856 | J36: =E36-D36-U36 -> 75654 | K36: =F36-E36-V36 -> 55141 | L36: =G36-F36-W36 -> 25254 | M36: =H36-G36-X36 -> 12579 | N36: ='인구총조사(가구, 1인가구)'!D22 -> 1197586 | O36: ='인구총조사(가구, 1인가구)'!E22 -> 1290893 | P36: ='인구총조사(가구, 1인가구)'!F22 -> 1406010 | Q36: ='인구총조사(가구, 1인가구)'!G22 -> 1543100 | R36: ='인구총조사(가구, 1인가구)'!H22 -> 1634147 | S36: ='인구총조사(가구, 1인가구)'!I22 -> 1714629 | T36: =O36-N36 -> 93307 | U36: =P36-O36 -> 115117 | V36: =Q36-P36 -> 137090 | W36: =R36-Q36 -> 91047 | X36: =S36-R36 -> 80482 | Y36: ='주택총조사(거처의종류, 일반,외국인가구, 아파트)'!K22/'주택총조사(거처의종류, 일반,외국인가구, 전체)'!K22 -> 0.5795703 | Z36: ='주택총조사(거처의종류, 일반,외국인가구, 아파트)'!N22/'주택총조사(거처의종류, 일반,외국인가구, 전체)'!N22 -> 0.58351952 | AA36: ='주택총조사(거처의종류, 일반,외국인가구, 아파트)'!Q22/'주택총조사(거처의종류, 일반,외국인가구, 전체)'!Q22 -> 0.58432555 | AB36: ='주택총조사(거처의종류, 일반,외국인가구, 아파트)'!T22/'주택총조사(거처의종류, 일반,외국인가구, 전체)'!T22 -> 0.58733119 | AC36: ='주택총조사(거처의종류, 일반,외국인가구, 아파트)'!W22/'주택총조사(거처의종류, 일반,외국인가구, 전체)'!W22 -> 0.59758557 | AD36: =I36*Y36 -> 36429.471 | AE36: =J36*Z36 -> 44145.586 | AF36: =K36*AA36 -> 32220.295 | AG36: =L36*AB36 -> 14832.462 | AH36: =M36*AC36 -> 7517.0289 | AI36: =AVERAGE(AD36:AH36) -> 27028.969 | AJ36: =T36*Y36 -> 54077.966 | AK36: =U36*Z36 -> 67173.016 | AL36: =V36*AA36 -> 80105.19 | AM36: =W36*AB36 -> 53474.743 | AN36: =X36*AC36 -> 48094.882 | AO36: =AVERAGE(AJ36:AN36) -> 60585.16 | AP36: =AD36+AJ36 -> 90507.437 | AQ36: =AE36+AK36 -> 111318.6 | AR36: =AF36+AL36 -> 112325.49 | AS36: =AG36+AM36 -> 68307.204 | AT36: =AH36+AN36 -> 55611.911 | AU36: =AVERAGE(AP36:AT36) -> 87614.128 | AV36: ='주택총조사(거처의종류, 일반,외국인가구, 전체)'!I22 -> 178464 | AW36: ='주택총조사(거처의종류, 일반,외국인가구, 전체)'!L22 -> 186046 | AX36: ='주택총조사(거처의종류, 일반,외국인가구, 전체)'!O22 -> 192325 | AY36: ='주택총조사(거처의종류, 일반,외국인가구, 전체)'!R22 -> 197703 | AZ36: ='주택총조사(거처의종류, 일반,외국인가구, 전체)'!U22 -> 206216 | BA36: ='주택총조사(거처의종류, 일반,외국인가구, 전체)'!X22 -> 218245 | BB36: =AW36-AV36 -> 7582 | BC36: =AX36-AW36 -> 6279 | BD36: =AY36-AX36 -> 5378 | BE36: =AZ36-AY36 -> 8513 | BF36: =BA36-AZ36 -> 12029 | BG36: ='주택총조사(거처의종류, 일반,외국인가구, 아파트)'!L22/'주택총조사(거처의종류, 일반,외국인가구, 전체)'!L22 -> 0.10819905 | BH36: ='주택총조사(거처의종류, 일반,외국인가구, 아파트)'!O22/'주택총조사(거처의종류, 일반,외국인가구, 전체)'!O22 -> 0.11925127 | BI36: ='주택총조사(거처의종류, 일반,외국인가구, 아파트)'!R22/'주택총조사(거처의종류, 일반,외국인가구, 전체)'!R22 -> 0.1202612 | BJ36: ='주택총조사(거처의종류, 일반,외국인가구, 아파트)'!U22/'주택총조사(거처의종류, 일반,외국인가구, 전체)'!U22 -> 0.11763879 | BK36: ='주택총조사(거처의종류, 일반,외국인가구, 아파트)'!X22/'주택총조사(거처의종류, 일반,외국인가구, 전체)'!X22 -> 0.12250911 | BL36: =BB36*BG36 -> 820.36518 | BM36: =BC36*BH36 -> 748.77871 | BN36: =BD36*BI36 -> 646.76473 | BO36: =BE36*BJ36 -> 1001.459 | BP36: =BF36*BK36 -> 1473.662 | BQ36: =AVERAGE(BL36:BP36) -> 938.20593 | BR36: =REPS멸실!E21 -> 3179 | BS36: =REPS멸실!F21 -> 2408 | BT36: =REPS멸실!G21 -> 1257 | BU36: =REPS멸실!H21 -> 3615 | BV36: =REPS멸실!I21 -> 7083 | BW36: =AVERAGE(BR36:BV36) -> 3508.4 | BX36: =SUM(AU36,BQ36,BW36) -> 92060.734 | BY36: =SUM('주택소유통계(다주택자)'!Q22:R22) -> 554365 | BZ36: =SUM('주택소유통계(다주택자)'!U22:V22) -> 536572 | CA36: =SUM('주택소유통계(다주택자)'!Y22:Z22) -> 537537 | CB36: =SUM('주택소유통계(다주택자)'!AC22:AD22) -> 553733 | CC36: =BZ36-BY36 -> -17793 | CD36: =CA36-BZ36 -> 965 | CE36: =CB36-CA36 -> 16196 | CF36: ='REPS거래량(외지인)'!D22/'REPS거래량(외지인)'!C22 -> 0.43807643 | CG36: ='REPS거래량(외지인)'!I22/'REPS거래량(외지인)'!H22 -> 0.49742059 | CH36: ='REPS거래량(외지인)'!N22/'REPS거래량(외지인)'!M22 -> 0.5321035 | CI36: =REPS단위당실거래!G21 -> 1740.8 | CJ36: =REPS단위당실거래!H21 -> 1669.9 | CK36: =REPS단위당실거래!I21 -> 1715.5 | CL36: 1743 | CM36: 1872 | CN36: 2014 | CO36: =CI36/CL36 -> 0.99873781 | CP36: =CJ36/CM36 -> 0.8920406 | CQ36: =CK36/CN36 -> 0.85178749 | CR36: 0.2 | CS36: 0.3 | CT36: 0.5 | CU36: =CC36*CF36*CO36*CR36 -> -1556.9711 | CV36: =CD36*CG36*CP36*CS36 -> 128.45676 | CW36: =CE36*CH36*CQ36*CT36 -> 3670.3302 | CX36: =AVERAGE(CU36:CW36) -> 747.27196 | CY36: =REPS분양물량!H21 -> 120985 | CZ36: =REPS분양물량!I21 -> 85939 | DA36: =REPS분양물량!J21 -> 31641 | DB36: =REPS미분양!F21 -> 1030 | DC36: =REPS미분양!G21 -> 7588 | DD36: =REPS미분양!H21 -> 5803 | DE36: =REPS미분양!I21 -> 12954 | DF36: =SUM(CY36,DB36) -> 122015 | DG36: =SUM(CZ36,DC36) -> 93527 | DH36: =SUM(DA36,DD36) -> 37444 | DI36: =DF36-DC36 -> 114427 | DJ36: =DG36-DD36 -> 87724 | DK36: =DH36-DE36 -> 24490 | DL36: 1740.8 | DM36: 1669.9 | DN36: 1715.5 | DO36: ='REPS분양가(분기단위)'!D21 -> 1743 | DP36: ='REPS분양가(분기단위)'!E21 -> 1872 | DQ36: ='REPS분양가(분기단위)'!F21 -> 2014 | DR36: =DL36/DO36 -> 0.99873781 | DS36: =DM36/DP36 -> 0.8920406 | DT36: =DN36/DQ36 -> 0.85178749 | DU36: =100%-종합!CF36 -> 0.56192357 | DV36: =100%-종합!CG36 -> 0.50257941 | DW36: =100%-종합!CH36 -> 0.4678965 | DX36: 0.2 | DY36: 0.3 | DZ36: 0.5 | EA36: =DI36*DR36*DU36*DX36 -> 12843.614 | EB36: =DJ36*DS36*DV36*DY36 -> 11798.56 | EC36: =DK36*DT36*DW36*DZ36 -> 4880.225 | ED36: =AVERAGE(EA36:EC36) -> 9840.7995 | EE36: =CX36+ED36 -> 10588.071 | EF36: =BX36+EE36 -> 102648.81 | EG36: =REPS단위당실거래!I21 -> 1715.5 | EH36: =DQ36 -> 2014 | EI36: =ROUND(EH36*34,-2) -> 68500 | EJ36: =EI36*0.55 -> 37675 | EK36: 1850795 | EL36: =FZ36 -> 0.59201671 | EM36: 0.74 | EN36: 0.05 | EO36: =EK36*EL36*EM36*EN36 -> 40540.958 | EP36: =REPS단위당실거래!I21 -> 1715.5 | EQ36: =DQ36 -> 2014 | ER36: =ROUND(EQ36*34,-2) -> 68500 | ES36: =ER36*0.55 -> 37675 | ET36: 726266 | EU36: =FZ36 -> 0.59201671 | EV36: 0.26 | EW36: 0.2 | EX36: =ET36*EU36*EV36*EW36 -> 22358.004 | EY36: ='주택총조사(주택의종류)'!AZ22 -> 0.69938762 | EZ36: ='주택총조사(주택의종류)'!AS22 -> 0.11315385 | FA36: ='주택총조사(주택의종류)'!BG22 -> 0.1797018 | FB36: =SUM(EZ36:FA36)/EY36 -> 0.41873153 | FC36: =SUM(EO36,EX36)*FB36 -> 26337.779 | FD36: 0.4 | FE36: 0.6 | FF36: =FC36*FD36*FE36 -> 6321.0669 | FG36: =SUM(EO36,EX36,FF36) -> 69220.029 | FH36: 0.0394 | FI36: 30 | FJ36: 0.6 | FK36: 0.4 | FL36: =ROUND(EH36*34,-3) -> 68000 | FM36: =ROUND(EH36*34*FJ36,-2) -> 41100 | FN36: =PMT(FH36/12,FI36*12,FM36) -> -194.79867 | FO36: =-ROUND(FN36/FK36,-1)*12 -> 5880 | FP36: 11407 | FQ36: 34111 | FR36: 304069 | FS36: 479283 | FT36: 319708 | FU36: 304402 | FV36: 298957 | FW36: 763335 | FX36: 971488 | FY36: =SUM(FP36:FX36) -> 3486760 | FZ36: =(SUM(FV36:FX36)/FY36)+(FU36/FY36)*0.1 -> 0.59201671 | GA36: =SUM(AO36,BQ36) -> 61523.365 | GB36: 0.3 | GC36: =FZ36 -> 0.59201671 | GD36: =GA36*GB36*GC36 -> 10926.858 | GE36: =SUM(AI36,BW36) -> 30537.369 | GF36: 0.7 | GG36: =FZ36 -> 0.59201671 | GH36: =GE36*GF36*GG36 -> 12655.043 | GI36: =GD36+GH36 -> 23581.901 | GJ36: =CX36 -> 747.27196 | GK36: =ED36 -> 9840.7995 | GL36: =SUM('주택총조사(주택의종류)'!AD22:AF22) -> 4185645 | GM36: =REPS미분양!I21 -> 12954 | GN36: =GM36/GL36 -> 0.0030948635 | GO36: =LOOKUP(GN36,$GW$25:$GX$28) -> 1 | GP36: =SUM(GJ36:GK36)*GO36 -> 10588.071 | GQ36: =SUM(FG36,GI36,GP36) -> 103390 | GR36: =SUM('REPS분양물량+계획'!G21:I21)/3 -> 82240.333 | GS36: =GR36/GQ36 -> 0.79543797 | GT36: =LOOKUP(GS36,$GW$16:$GX$20) -> A등급
A37: 경기도 | B37: 가평군 | C37: ='주택총조사(거처의종류, 일반,외국인가구, 전체)'!H23 -> 24724 | D37: ='주택총조사(거처의종류, 일반,외국인가구, 전체)'!K23 -> 24950 | E37: ='주택총조사(거처의종류, 일반,외국인가구, 전체)'!N23 -> 25652 | F37: ='주택총조사(거처의종류, 일반,외국인가구, 전체)'!Q23 -> 26221 | G37: ='주택총조사(거처의종류, 일반,외국인가구, 전체)'!T23 -> 26772 | H37: ='주택총조사(거처의종류, 일반,외국인가구, 전체)'!W23 -> 27241 | I37: =D37-C37-T37 -> 20 | J37: =E37-D37-U37 -> 138 | K37: =F37-E37-V37 -> -70 | L37: =G37-F37-W37 -> 122 | M37: =H37-G37-X37 -> 49 | N37: ='인구총조사(가구, 1인가구)'!D23 -> 8226 | O37: ='인구총조사(가구, 1인가구)'!E23 -> 8432 | P37: ='인구총조사(가구, 1인가구)'!F23 -> 8996 | Q37: ='인구총조사(가구, 1인가구)'!G23 -> 9635 | R37: ='인구총조사(가구, 1인가구)'!H23 -> 10064 | S37: ='인구총조사(가구, 1인가구)'!I23 -> 10484 | T37: =O37-N37 -> 206 | U37: =P37-O37 -> 564 | V37: =Q37-P37 -> 639 | W37: =R37-Q37 -> 429 | X37: =S37-R37 -> 420 | Y37: ='주택총조사(거처의종류, 일반,외국인가구, 아파트)'!K23/'주택총조사(거처의종류, 일반,외국인가구, 전체)'!K23 -> 0.18168337 | Z37: ='주택총조사(거처의종류, 일반,외국인가구, 아파트)'!N23/'주택총조사(거처의종류, 일반,외국인가구, 전체)'!N23 -> 0.17877748 | AA37: ='주택총조사(거처의종류, 일반,외국인가구, 아파트)'!Q23/'주택총조사(거처의종류, 일반,외국인가구, 전체)'!Q23 -> 0.17619465 | AB37: ='주택총조사(거처의종류, 일반,외국인가구, 아파트)'!T23/'주택총조사(거처의종류, 일반,외국인가구, 전체)'!T23 -> 0.1830644 | AC37: ='주택총조사(거처의종류, 일반,외국인가구, 아파트)'!W23/'주택총조사(거처의종류, 일반,외국인가구, 전체)'!W23 -> 0.20615983 | AD37: =I37*Y37 -> 3.6336673 | AE37: =J37*Z37 -> 24.671293 | AF37: =K37*AA37 -> -12.333626 | AG37: =L37*AB37 -> 22.333856 | AH37: =M37*AC37 -> 10.101832 | AI37: =AVERAGE(AD37:AH37) -> 9.6814045 | AJ37: =T37*Y37 -> 37.426774 | AK37: =U37*Z37 -> 100.8305 | AL37: =V37*AA37 -> 112.58838 | AM37: =W37*AB37 -> 78.534626 | AN37: =X37*AC37 -> 86.58713 | AO37: =AVERAGE(AJ37:AN37) -> 83.193483 | AP37: =AD37+AJ37 -> 41.060441 | AQ37: =AE37+AK37 -> 125.50179 | AR37: =AF37+AL37 -> 100.25476 | AS37: =AG37+AM37 -> 100.86848 | AT37: =AH37+AN37 -> 96.688961 | AU37: =AVERAGE(AP37:AT37) -> 92.874887 | AV37: ='주택총조사(거처의종류, 일반,외국인가구, 전체)'!I23 -> 356 | AW37: ='주택총조사(거처의종류, 일반,외국인가구, 전체)'!L23 -> 357 | AX37: ='주택총조사(거처의종류, 일반,외국인가구, 전체)'!O23 -> 357 | AY37: ='주택총조사(거처의종류, 일반,외국인가구, 전체)'!R23 -> 395 | AZ37: ='주택총조사(거처의종류, 일반,외국인가구, 전체)'!U23 -> 389 | BA37: ='주택총조사(거처의종류, 일반,외국인가구, 전체)'!X23 -> 410 | BB37: =AW37-AV37 -> 1 | BC37: =AX37-AW37 -> 0 | BD37: =AY37-AX37 -> 38 | BE37: =AZ37-AY37 -> -6 | BF37: =BA37-AZ37 -> 21 | BG37: ='주택총조사(거처의종류, 일반,외국인가구, 아파트)'!L23/'주택총조사(거처의종류, 일반,외국인가구, 전체)'!L23 -> 0.078431373 | BH37: ='주택총조사(거처의종류, 일반,외국인가구, 아파트)'!O23/'주택총조사(거처의종류, 일반,외국인가구, 전체)'!O23 -> 0.078431373 | BI37: ='주택총조사(거처의종류, 일반,외국인가구, 아파트)'!R23/'주택총조사(거처의종류, 일반,외국인가구, 전체)'!R23 -> 0.06835443 | BJ37: ='주택총조사(거처의종류, 일반,외국인가구, 아파트)'!U23/'주택총조사(거처의종류, 일반,외국인가구, 전체)'!U23 -> 0.071979434 | BK37: ='주택총조사(거처의종류, 일반,외국인가구, 아파트)'!X23/'주택총조사(거처의종류, 일반,외국인가구, 전체)'!X23 -> 0.070731707 | BL37: =BB37*BG37 -> 0.078431373 | BM37: =BC37*BH37 -> 0 | BN37: =BD37*BI37 -> 2.5974684 | BO37: =BE37*BJ37 -> -0.43187661 | BP37: =BF37*BK37 -> 1.4853659 | BQ37: =AVERAGE(BL37:BP37) -> 0.74587779 | BR37: =REPS멸실!E22 -> 0 | BS37: =REPS멸실!F22 -> 0 | BT37: =REPS멸실!G22 -> 0 | BU37: =REPS멸실!H22 -> 0 | BV37: =REPS멸실!I22 -> 0 | BW37: =AVERAGE(BR37:BV37) -> 0 | BX37: =SUM(AU37,BQ37,BW37) -> 93.620765 | BY37: =SUM('주택소유통계(다주택자)'!Q23:R23) -> 3911 | BZ37: =SUM('주택소유통계(다주택자)'!U23:V23) -> 3772 | CA37: =SUM('주택소유통계(다주택자)'!Y23:Z23) -> 3899 | CB37: =SUM('주택소유통계(다주택자)'!AC23:AD23) -> 4076 | CC37: =BZ37-BY37 -> -139 | CD37: =CA37-BZ37 -> 127 | CE37: =CB37-CA37 -> 177 | CF37: ='REPS거래량(외지인)'!D23/'REPS거래량(외지인)'!C23 -> 0.46736292 | CG37: ='REPS거래량(외지인)'!I23/'REPS거래량(외지인)'!H23 -> 0.52736318 | CH37: ='REPS거래량(외지인)'!N23/'REPS거래량(외지인)'!M23 -> 0.61375661 | CI37: =REPS단위당실거래!G22 -> 668.7 | CJ37: =REPS단위당실거래!H22 -> 678.1 | CK37: =REPS단위당실거래!I22 -> 756.9 | CL37: 1203.0325 | CM37: 1266.35 | CN37: 1333 | CO37: =CI37/CL37 -> 0.55584533 | CP37: =CJ37/CM37 -> 0.53547597 | CQ37: =CK37/CN37 -> 0.56781695 | CR37: 0.2 | CS37: 0.3 | CT37: 0.5 | CU37: =CC37*CF37*CO37*CR37 -> -7.2219257 | CV37: =CD37*CG37*CP37*CS37 -> 10.759071 | CW37: =CE37*CH37*CQ37*CT37 -> 30.842375 | CX37: =AVERAGE(CU37:CW37) -> 11.45984 | CY37: =REPS분양물량!H22 -> 420 | CZ37: =REPS분양물량!I22 -> 0 | DA37: =REPS분양물량!J22 -> 0 | DB37: =REPS미분양!F22 -> 7 | DC37: =REPS미분양!G22 -> 7 | DD37: =REPS미분양!H22 -> 0 | DE37: =REPS미분양!I22 -> 252 | DF37: =SUM(CY37,DB37) -> 427 | DG37: =SUM(CZ37,DC37) -> 7 | DH37: =SUM(DA37,DD37) -> 0 | DI37: =DF37-DC37 -> 420 | DJ37: =DG37-DD37 -> 7 | DK37: =DH37-DE37 -> -252 | DL37: 668.7 | DM37: 678.1 | DN37: 756.9 | DO37: =DP37*0.95 -> 1203.0325 | DP37: =DQ37*0.95 -> 1266.35 | DQ37: ='REPS분양가(분기단위)'!F22 -> 1333 | DR37: =DL37/DO37 -> 0.55584533 | DS37: =DM37/DP37 -> 0.53547597 | DT37: =DN37/DQ37 -> 0.56781695 | DU37: =100%-종합!CF37 -> 0.53263708 | DV37: =100%-종합!CG37 -> 0.47263682 | DW37: =100%-종합!CH37 -> 0.38624339 | DX37: 0.2 | DY37: 0.3 | DZ37: 0.5 | EA37: =DI37*DR37*DU37*DX37 -> 24.869362 | EB37: =DJ37*DS37*DV37*DY37 -> 0.53147988 | EC37: =DK37*DT37*DW37*DZ37 -> -27.633758 | ED37: =AVERAGE(EA37:EC37) -> -0.74430554 | EE37: =CX37+ED37 -> 10.715535 | EF37: =BX37+EE37 -> 104.3363 | EG37: =REPS단위당실거래!I22 -> 756.9 | EH37: =DQ37 -> 1333 | EI37: =ROUND(EH37*34,-2) -> 45300 | EJ37: =EI37*0.55 -> 24915 | EK37: 1913 | EL37: =FZ37 -> 0.65348015 | EM37: 0.74 | EN37: 0.05 | EO37: =EK37*EL37*EM37*EN37 -> 46.253979 | EP37: =REPS단위당실거래!I22 -> 756.9 | EQ37: =DQ37 -> 1333 | ER37: =ROUND(EQ37*34,-2) -> 45300 | ES37: =ER37*0.55 -> 24915 | ET37: 396 | EU37: =FZ37 -> 0.65348015 | EV37: 0.26 | EW37: 0.2 | EX37: =ET37*EU37*EV37*EW37 -> 13.456463 | EY37: ='주택총조사(주택의종류)'!AZ23 -> 0.20130021 | EZ37: ='주택총조사(주택의종류)'!AS23 -> 0.5620747 | FA37: ='주택총조사(주택의종류)'!BG23 -> 0.2049143 | FB37: =SUM(EZ37:FA37)/EY37 -> 3.8101749 | FC37: =SUM(EO37,EX37)*FB37 -> 227.50723 | FD37: 0.4 | FE37: 0.6 | FF37: =FC37*FD37*FE37 -> 54.601735 | FG37: =SUM(EO37,EX37,FF37) -> 114.31218 | FH37: 0.0394 | FI37: 30 | FJ37: 0.6 | FK37: 0.4 | FL37: =ROUND(EH37*34,-3) -> 45000 | FM37: =ROUND(EH37*34*FJ37,-2) -> 27200 | FN37: =PMT(FH37/12,FI37*12,FM37) -> -128.91786 | FO37: =-ROUND(FN37/FK37,-1)*12 -> 3840 | FP37: 37 | FQ37: 125 | FR37: 1143 | FS37: 1555 | FT37: 843 | FU37: 707 | FV37: 676 | FW37: 1325 | FX37: 945 | FY37: =SUM(FP37:FX37) -> 7356 | FZ37: =(SUM(FT37:FX37)/FY37)+(FS37/FY37)*0.2 -> 0.65348015 | GA37: =SUM(AO37,BQ37) -> 83.93936 | GB37: 0.3 | GC37: =FZ37 -> 0.65348015 | GD37: =GA37*GB37*GC37 -> 16.455812 | GE37: =SUM(AI37,BW37) -> 9.6814045 | GF37: 0.7 | GG37: =FZ37 -> 0.65348015 | GH37: =GE37*GF37*GG37 -> 4.428624 | GI37: =GD37+GH37 -> 20.884436 | GJ37: =CX37 -> 11.45984 | GK37: =ED37 -> -0.74430554 | GL37: =SUM('주택총조사(주택의종류)'!AD23:AF23) -> 11484 | GM37: =REPS미분양!I22 -> 252 | GN37: =GM37/GL37 -> 0.021943574 | GO37: =LOOKUP(GN37,$GW$25:$GX$28) -> 0.4 | GP37: =SUM(GJ37:GK37)*GO37 -> 4.2862138 | GQ37: =SUM(FG37,GI37,GP37) -> 139.48283 | GR37: =SUM('REPS분양물량+계획'!G22:I22)/3 -> 310.66667 | GS37: =GR37/GQ37 -> 2.2272754 | GT37: =LOOKUP(GS37,$GW$16:$GX$20) -> C등급
A38: 경기도 | B38: 고양시 | C38: ='주택총조사(거처의종류, 일반,외국인가구, 전체)'!H24 -> 370108 | D38: ='주택총조사(거처의종류, 일반,외국인가구, 전체)'!K24 -> 385021 | E38: ='주택총조사(거처의종류, 일반,외국인가구, 전체)'!N24 -> 398864 | F38: ='주택총조사(거처의종류, 일반,외국인가구, 전체)'!Q24 -> 411137 | G38: ='주택총조사(거처의종류, 일반,외국인가구, 전체)'!T24 -> 419496 | H38: ='주택총조사(거처의종류, 일반,외국인가구, 전체)'!W24 -> 427072 | I38: =D38-C38-T38 -> 6576 | J38: =E38-D38-U38 -> 6366 | K38: =F38-E38-V38 -> 2634 | L38: =G38-F38-W38 -> -310 | M38: =H38-G38-X38 -> -896 | N38: ='인구총조사(가구, 1인가구)'!D24 -> 84595 | O38: ='인구총조사(가구, 1인가구)'!E24 -> 92932 | P38: ='인구총조사(가구, 1인가구)'!F24 -> 100409 | Q38: ='인구총조사(가구, 1인가구)'!G24 -> 110048 | R38: ='인구총조사(가구, 1인가구)'!H24 -> 118717 | S38: ='인구총조사(가구, 1인가구)'!I24 -> 127189 | T38: =O38-N38 -> 8337 | U38: =P38-O38 -> 7477 | V38: =Q38-P38 -> 9639 | W38: =R38-Q38 -> 8669 | X38: =S38-R38 -> 8472 | Y38: ='주택총조사(거처의종류, 일반,외국인가구, 아파트)'!K24/'주택총조사(거처의종류, 일반,외국인가구, 전체)'!K24 -> 0.64295714 | Z38: ='주택총조사(거처의종류, 일반,외국인가구, 아파트)'!N24/'주택총조사(거처의종류, 일반,외국인가구, 전체)'!N24 -> 0.64122859 | AA38: ='주택총조사(거처의종류, 일반,외국인가구, 아파트)'!Q24/'주택총조사(거처의종류, 일반,외국인가구, 전체)'!Q24 -> 0.63062434 | AB38: ='주택총조사(거처의종류, 일반,외국인가구, 아파트)'!T24/'주택총조사(거처의종류, 일반,외국인가구, 전체)'!T24 -> 0.62878311 | AC38: ='주택총조사(거처의종류, 일반,외국인가구, 아파트)'!W24/'주택총조사(거처의종류, 일반,외국인가구, 전체)'!W24 -> 0.63235239 | AD38: =I38*Y38 -> 4228.0861 | AE38: =J38*Z38 -> 4082.0612 | AF38: =K38*AA38 -> 1661.0645 | AG38: =L38*AB38 -> -194.92276 | AH38: =M38*AC38 -> -566.58774 | AI38: =AVERAGE(AD38:AH38) -> 1841.9403 | AJ38: =T38*Y38 -> 5360.3337 | AK38: =U38*Z38 -> 4794.4662 | AL38: =V38*AA38 -> 6078.588 | AM38: =W38*AB38 -> 5450.9208 | AN38: =X38*AC38 -> 5357.2895 | AO38: =AVERAGE(AJ38:AN38) -> 5408.3196 | AP38: =AD38+AJ38 -> 9588.4198 | AQ38: =AE38+AK38 -> 8876.5274 | AR38: =AF38+AL38 -> 7739.6525 | AS38: =AG38+AM38 -> 5255.998 | AT38: =AH38+AN38 -> 4790.7017 | AU38: =AVERAGE(AP38:AT38) -> 7250.2599 | AV38: ='주택총조사(거처의종류, 일반,외국인가구, 전체)'!I24 -> 5526 | AW38: ='주택총조사(거처의종류, 일반,외국인가구, 전체)'!L24 -> 5595 | AX38: ='주택총조사(거처의종류, 일반,외국인가구, 전체)'!O24 -> 5613 | AY38: ='주택총조사(거처의종류, 일반,외국인가구, 전체)'!R24 -> 5597 | AZ38: ='주택총조사(거처의종류, 일반,외국인가구, 전체)'!U24 -> 5625 | BA38: ='주택총조사(거처의종류, 일반,외국인가구, 전체)'!X24 -> 5913 | BB38: =AW38-AV38 -> 69 | BC38: =AX38-AW38 -> 18 | BD38: =AY38-AX38 -> -16 | BE38: =AZ38-AY38 -> 28 | BF38: =BA38-AZ38 -> 288 | BG38: ='주택총조사(거처의종류, 일반,외국인가구, 아파트)'!L24/'주택총조사(거처의종류, 일반,외국인가구, 전체)'!L24 -> 0.18784629 | BH38: ='주택총조사(거처의종류, 일반,외국인가구, 아파트)'!O24/'주택총조사(거처의종류, 일반,외국인가구, 전체)'!O24 -> 0.18938179 | BI38: ='주택총조사(거처의종류, 일반,외국인가구, 아파트)'!R24/'주택총조사(거처의종류, 일반,외국인가구, 전체)'!R24 -> 0.1734858 | BJ38: ='주택총조사(거처의종류, 일반,외국인가구, 아파트)'!U24/'주택총조사(거처의종류, 일반,외국인가구, 전체)'!U24 -> 0.17368889 | BK38: ='주택총조사(거처의종류, 일반,외국인가구, 아파트)'!X24/'주택총조사(거처의종류, 일반,외국인가구, 전체)'!X24 -> 0.17571453 | BL38: =BB38*BG38 -> 12.961394 | BM38: =BC38*BH38 -> 3.4088723 | BN38: =BD38*BI38 -> -2.7757727 | BO38: =BE38*BJ38 -> 4.8632889 | BP38: =BF38*BK38 -> 50.605784 | BQ38: =AVERAGE(BL38:BP38) -> 13.812713 | BR38: =REPS멸실!E23 -> 0 | BS38: =REPS멸실!F23 -> 255 | BT38: =REPS멸실!G23 -> 0 | BU38: =REPS멸실!H23 -> 0 | BV38: =REPS멸실!I23 -> 0 | BW38: =AVERAGE(BR38:BV38) -> 51 | BX38: =SUM(AU38,BQ38,BW38) -> 7315.0726 | BY38: =SUM('주택소유통계(다주택자)'!Q24:R24) -> 41672 | BZ38: =SUM('주택소유통계(다주택자)'!U24:V24) -> 40642 | CA38: =SUM('주택소유통계(다주택자)'!Y24:Z24) -> 40435 | CB38: =SUM('주택소유통계(다주택자)'!AC24:AD24) -> 41318 | CC38: =BZ38-BY38 -> -1030 | CD38: =CA38-BZ38 -> -207 | CE38: =CB38-CA38 -> 883 | CF38: ='REPS거래량(외지인)'!D24/'REPS거래량(외지인)'!C24 -> 0.40062418 | CG38: ='REPS거래량(외지인)'!I24/'REPS거래량(외지인)'!H24 -> 0.3819732 | CH38: ='REPS거래량(외지인)'!N24/'REPS거래량(외지인)'!M24 -> 0.50463085 | CI38: =REPS단위당실거래!G23 -> 1667.5 | CJ38: =REPS단위당실거래!H23 -> 1537.6 | CK38: =REPS단위당실거래!I23 -> 1546.8 | CL38: 2272 | CM38: 2041 | CN38: 2359 | CO38: =CI38/CL38 -> 0.73393486 | CP38: =CJ38/CM38 -> 0.7533562 | CQ38: =CK38/CN38 -> 0.65570157 | CR38: 0.2 | CS38: 0.3 | CT38: 0.5 | CU38: =CC38*CF38*CO38*CR38 -> -60.570602 | CV38: =CD38*CG38*CP38*CS38 -> -17.870013 | CW38: =CE38*CH38*CQ38*CT38 -> 146.08672 | CX38: =AVERAGE(CU38:CW38) -> 22.548701 | CY38: =REPS분양물량!H23 -> 6827 | CZ38: =REPS분양물량!I23 -> 2797 | DA38: =REPS분양물량!J23 -> 2709 | DB38: =REPS미분양!F23 -> 113 | DC38: =REPS미분양!G23 -> 113 | DD38: =REPS미분양!H23 -> 79 | DE38: =REPS미분양!I23 -> 182 | DF38: =SUM(CY38,DB38) -> 6940 | DG38: =SUM(CZ38,DC38) -> 2910 | DH38: =SUM(DA38,DD38) -> 2788 | DI38: =DF38-DC38 -> 6827 | DJ38: =DG38-DD38 -> 2831 | DK38: =DH38-DE38 -> 2606 | DL38: 1667.5 | DM38: 1537.6 | DN38: 1546.8 | DO38: ='REPS분양가(분기단위)'!D23 -> 2272 | DP38: ='REPS분양가(분기단위)'!E23 -> 2041 | DQ38: ='REPS분양가(분기단위)'!F23 -> 2359 | DR38: =DL38/DO38 -> 0.73393486 | DS38: =DM38/DP38 -> 0.7533562 | DT38: =DN38/DQ38 -> 0.65570157 | DU38: =100%-종합!CF38 -> 0.59937582 | DV38: =100%-종합!CG38 -> 0.6180268 | DW38: =100%-종합!CH38 -> 0.49536915 | DX38: 0.2 | DY38: 0.3 | DZ38: 0.5 | EA38: =DI38*DR38*DU38*DX38 -> 600.6433 | EB38: =DJ38*DS38*DV38*DY38 -> 395.42925 | EC38: =DK38*DT38*DW38*DZ38 -> 423.23307 | ED38: =AVERAGE(EA38:EC38) -> 473.10187 | EE38: =CX38+ED38 -> 495.65057 | EF38: =BX38+EE38 -> 7810.7232 | EG38: =REPS단위당실거래!I23 -> 1546.8 | EH38: =DQ38 -> 2359 | EI38: =ROUND(EH38*34,-2) -> 80200 | EJ38: =EI38*0.55 -> 44110 | EK38: 96918 | EL38: =FZ38 -> 0.54125186 | EM38: 0.74 | EN38: 0.05 | EO38: =EK38*EL38*EM38*EN38 -> 1940.9108 | EP38: =REPS단위당실거래!I23 -> 1546.8 | EQ38: =DQ38 -> 2359 | ER38: =ROUND(EQ38*34,-2) -> 80200 | ES38: =ER38*0.55 -> 44110 | ET38: 35978 | EU38: =FZ38 -> 0.54125186 | EV38: 0.26 | EW38: 0.2 | EX38: =ET38*EU38*EV38*EW38 -> 1012.6043 | EY38: ='주택총조사(주택의종류)'!AZ24 -> 0.78731303 | EZ38: ='주택총조사(주택의종류)'!AS24 -> 0.063411639 | FA38: ='주택총조사(주택의종류)'!BG24 -> 0.14438084 | FB38: =SUM(EZ38:FA38)/EY38 -> 0.26392613 | FC38: =SUM(EO38,EX38)*FB38 -> 779.5098 | FD38: 0.4 | FE38: 0.6 | FF38: =FC38*FD38*FE38 -> 187.08235 | FG38: =SUM(EO38,EX38,FF38) -> 3140.5974 | FH38: 0.0394 | FI38: 30 | FJ38: 0.6 | FK38: 0.4 | FL38: =ROUND(EH38*34,-3) -> 80000 | FM38: =ROUND(EH38*34*FJ38,-2) -> 48100 | FN38: =PMT(FH38/12,FI38*12,FM38) -> -227.97606 | FO38: =-ROUND(FN38/FK38,-1)*12 -> 6840 | FP38: 798 | FQ38: 2259 | FR38: 21653 | FS38: 33868 | FT38: 22527 | FU38: 21377 | FV38: 21868 | FW38: 56583 | FX38: 80597 | FY38: =SUM(FP38:FX38) -> 261530 | FZ38: =(SUM(FW38:FX38)/FY38)+(FV38/FY38)*0.2 -> 0.54125186 | GA38: =SUM(AO38,BQ38) -> 5422.1323 | GB38: 0.3 | GC38: =FZ38 -> 0.54125186 | GD38: =GA38*GB38*GC38 -> 880.42177 | GE38: =SUM(AI38,BW38) -> 1892.9403 | GF38: 0.7 | GG38: =FZ38 -> 0.54125186 | GH38: =GE38*GF38*GG38 -> 717.19021 | GI38: =GD38+GH38 -> 1597.612 | GJ38: =CX38 -> 22.548701 | GK38: =ED38 -> 473.10187 | GL38: =SUM('주택총조사(주택의종류)'!AD24:AF24) -> 324944 | GM38: =REPS미분양!I23 -> 182 | GN38: =GM38/GL38 -> 0.00056009651 | GO38: =LOOKUP(GN38,$GW$25:$GX$28) -> 1 | GP38: =SUM(GJ38:GK38)*GO38 -> 495.65057 | GQ38: =SUM(FG38,GI38,GP38) -> 5233.86 | GR38: =SUM('REPS분양물량+계획'!G23:I23)/3 -> 4632.6667 | GS38: =GR38/GQ38 -> 0.88513385 | GT38: =LOOKUP(GS38,$GW$16:$GX$20) -> A등급
A39: 경기도 | B39: 고양시 덕양구 | C39: ='주택총조사(거처의종류, 일반,외국인가구, 전체)'!H25 -> 164489 | D39: ='주택총조사(거처의종류, 일반,외국인가구, 전체)'!K25 -> 172880 | E39: ='주택총조사(거처의종류, 일반,외국인가구, 전체)'!N25 -> 180981 | F39: ='주택총조사(거처의종류, 일반,외국인가구, 전체)'!Q25 -> 188951 | G39: ='주택총조사(거처의종류, 일반,외국인가구, 전체)'!T25 -> 196261 | H39: ='주택총조사(거처의종류, 일반,외국인가구, 전체)'!W25 -> 203461 | I39: =D39-C39-T39 -> 4026 | J39: =E39-D39-U39 -> 4051 | K39: =F39-E39-V39 -> 2579 | L39: =G39-F39-W39 -> 1285 | M39: =H39-G39-X39 -> 1838 | N39: ='인구총조사(가구, 1인가구)'!D25 -> 39583 | O39: ='인구총조사(가구, 1인가구)'!E25 -> 43948 | P39: ='인구총조사(가구, 1인가구)'!F25 -> 47998 | Q39: ='인구총조사(가구, 1인가구)'!G25 -> 53389 | R39: ='인구총조사(가구, 1인가구)'!H25 -> 59414 | S39: ='인구총조사(가구, 1인가구)'!I25 -> 64776 | T39: =O39-N39 -> 4365 | U39: =P39-O39 -> 4050 | V39: =Q39-P39 -> 5391 | W39: =R39-Q39 -> 6025 | X39: =S39-R39 -> 5362 | Y39: ='주택총조사(거처의종류, 일반,외국인가구, 아파트)'!K25/'주택총조사(거처의종류, 일반,외국인가구, 전체)'!K25 -> 0.63019435 | Z39: ='주택총조사(거처의종류, 일반,외국인가구, 아파트)'!N25/'주택총조사(거처의종류, 일반,외국인가구, 전체)'!N25 -> 0.63586233 | AA39: ='주택총조사(거처의종류, 일반,외국인가구, 아파트)'!Q25/'주택총조사(거처의종류, 일반,외국인가구, 전체)'!Q25 -> 0.62200253 | AB39: ='주택총조사(거처의종류, 일반,외국인가구, 아파트)'!T25/'주택총조사(거처의종류, 일반,외국인가구, 전체)'!T25 -> 0.61917549 | AC39: ='주택총조사(거처의종류, 일반,외국인가구, 아파트)'!W25/'주택총조사(거처의종류, 일반,외국인가구, 전체)'!W25 -> 0.62417859 | AD39: =I39*Y39 -> 2537.1625 | AE39: =J39*Z39 -> 2575.8783 | AF39: =K39*AA39 -> 1604.1445 | AG39: =L39*AB39 -> 795.6405 | AH39: =M39*AC39 -> 1147.2402 | AI39: =AVERAGE(AD39:AH39) -> 1732.0132 | AJ39: =T39*Y39 -> 2750.7984 | AK39: =U39*Z39 -> 2575.2424 | AL39: =V39*AA39 -> 3353.2156 | AM39: =W39*AB39 -> 3730.5323 | AN39: =X39*AC39 -> 3346.8456 | AO39: =AVERAGE(AJ39:AN39) -> 3151.3269 | AP39: =AD39+AJ39 -> 5287.9608 | AQ39: =AE39+AK39 -> 5151.1207 | AR39: =AF39+AL39 -> 4957.3602 | AS39: =AG39+AM39 -> 4526.1728 | AT39: =AH39+AN39 -> 4494.0858 | AU39: =AVERAGE(AP39:AT39) -> 4883.3401 | AV39: ='주택총조사(거처의종류, 일반,외국인가구, 전체)'!I25 -> 1943 | AW39: ='주택총조사(거처의종류, 일반,외국인가구, 전체)'!L25 -> 2005 | AX39: ='주택총조사(거처의종류, 일반,외국인가구, 전체)'!O25 -> 2025 | AY39: ='주택총조사(거처의종류, 일반,외국인가구, 전체)'!R25 -> 1989 | AZ39: ='주택총조사(거처의종류, 일반,외국인가구, 전체)'!U25 -> 2052 | BA39: ='주택총조사(거처의종류, 일반,외국인가구, 전체)'!X25 -> 2136 | BB39: =AW39-AV39 -> 62 | BC39: =AX39-AW39 -> 20 | BD39: =AY39-AX39 -> -36 | BE39: =AZ39-AY39 -> 63 | BF39: =BA39-AZ39 -> 84 | BG39: ='주택총조사(거처의종류, 일반,외국인가구, 아파트)'!L25/'주택총조사(거처의종류, 일반,외국인가구, 전체)'!L25 -> 0.19551122 | BH39: ='주택총조사(거처의종류, 일반,외국인가구, 아파트)'!O25/'주택총조사(거처의종류, 일반,외국인가구, 전체)'!O25 -> 0.20987654 | BI39: ='주택총조사(거처의종류, 일반,외국인가구, 아파트)'!R25/'주택총조사(거처의종류, 일반,외국인가구, 전체)'!R25 -> 0.18451483 | BJ39: ='주택총조사(거처의종류, 일반,외국인가구, 아파트)'!U25/'주택총조사(거처의종류, 일반,외국인가구, 전체)'!U25 -> 0.19054581 | BK39: ='주택총조사(거처의종류, 일반,외국인가구, 아파트)'!X25/'주택총조사(거처의종류, 일반,외국인가구, 전체)'!X25 -> 0.17837079 | BL39: =BB39*BG39 -> 12.121696 | BM39: =BC39*BH39 -> 4.1975309 | BN39: =BD39*BI39 -> -6.6425339 | BO39: =BE39*BJ39 -> 12.004386 | BP39: =BF39*BK39 -> 14.983146 | BQ39: =AVERAGE(BL39:BP39) -> 7.3328449 | BR39: =REPS멸실!E24 -> 0 | BS39: =REPS멸실!F24 -> 255 | BT39: =REPS멸실!G24 -> 0 | BU39: =REPS멸실!H24 -> 0 | BV39: =REPS멸실!I24 -> 0 | BW39: =AVERAGE(BR39:BV39) -> 51 | BX39: =SUM(AU39,BQ39,BW39) -> 4941.6729 | BY39: =SUM('주택소유통계(다주택자)'!Q25:R25) -> 16768 | BZ39: =SUM('주택소유통계(다주택자)'!U25:V25) -> 16352 | CA39: =SUM('주택소유통계(다주택자)'!Y25:Z25) -> 16306 | CB39: =SUM('주택소유통계(다주택자)'!AC25:AD25) -> 17117 | CC39: =BZ39-BY39 -> -416 | CD39: =CA39-BZ39 -> -46 | CE39: =CB39-CA39 -> 811 | CF39: ='REPS거래량(외지인)'!D25/'REPS거래량(외지인)'!C25 -> 0.5157496 | CG39: ='REPS거래량(외지인)'!I25/'REPS거래량(외지인)'!H25 -> 0.48865154 | CH39: ='REPS거래량(외지인)'!N25/'REPS거래량(외지인)'!M25 -> 0.53283358 | CI39: =REPS단위당실거래!G24 -> 1713.8 | CJ39: =REPS단위당실거래!H24 -> 1646.2 | CK39: =REPS단위당실거래!I24 -> 1670 | CL39: 2272 | CM39: 1347 | CN39: 2302 | CO39: =CI39/CL39 -> 0.75431338 | CP39: =CJ39/CM39 -> 1.2221232 | CQ39: =CK39/CN39 -> 0.72545613 | CR39: 0.2 | CS39: 0.3 | CT39: 0.5 | CU39: =CC39*CF39*CO39*CR39 -> -32.367864 | CV39: =CD39*CG39*CP39*CS39 -> -8.2412551 | CW39: =CE39*CH39*CQ39*CT39 -> 156.74497 | CX39: =AVERAGE(CU39:CW39) -> 38.711949 | CY39: =REPS분양물량!H24 -> 5071 | CZ39: =REPS분양물량!I24 -> 0 | DA39: =REPS분양물량!J24 -> 2180 | DB39: =REPS미분양!F24 -> 0 | DC39: =REPS미분양!G24 -> 0 | DD39: =REPS미분양!H24 -> 0 | DE39: =REPS미분양!I24 -> 0 | DF39: =SUM(CY39,DB39) -> 5071 | DG39: =SUM(CZ39,DC39) -> 0 | DH39: =SUM(DA39,DD39) -> 2180 | DI39: =DF39-DC39 -> 5071 | DJ39: =DG39-DD39 -> 0 | DK39: =DH39-DE39 -> 2180 | DL39: 1713.8 | DM39: 1646.2 | DN39: 1670 | DO39: ='REPS분양가(분기단위)'!D24 -> 2272 | DP39: ='REPS분양가(분기단위)'!E24 -> 1347 | DQ39: ='REPS분양가(분기단위)'!F24 -> 2302 | DR39: =DL39/DO39 -> 0.75431338 | DS39: =DM39/DP39 -> 1.2221232 | DT39: =DN39/DQ39 -> 0.72545613 | DU39: =100%-종합!CF39 -> 0.4842504 | DV39: =100%-종합!CG39 -> 0.51134846 | DW39: =100%-종합!CH39 -> 0.46716642 | DX39: 0.2 | DY39: 0.3 | DZ39: 0.5 | EA39: =DI39*DR39*DU39*DX39 -> 370.46348 | EB39: =DJ39*DS39*DV39*DY39 -> 0 | EC39: =DK39*DT39*DW39*DZ39 -> 369.41052 | ED39: =AVERAGE(EA39:EC39) -> 246.62467 | EE39: =CX39+ED39 -> 285.33662 | EF39: =BX39+EE39 -> 5227.0095 | EG39: =REPS단위당실거래!I24 -> 1670 | EH39: =DQ39 -> 2302 | EI39: =ROUND(EH39*34,-2) -> 78300 | EJ39: =EI39*0.55 -> 43065 | EK39: 57157 | EL39: =FZ39 -> 0.50785334 | EM39: 0.74 | EN39: 0.05 | EO39: =EK39*EL39*EM39*EN39 -> 1074.0128 | EP39: =REPS단위당실거래!I24 -> 1670 | EQ39: =DQ39 -> 2302 | ER39: =ROUND(EQ39*34,-2) -> 78300 | ES39: =ER39*0.55 -> 43065 | ET39: 24905 | EU39: =FZ39 -> 0.50785334 | EV39: 0.26 | EW39: 0.2 | EX39: =ET39*EU39*EV39*EW39 -> 657.70055 | EY39: ='주택총조사(주택의종류)'!AZ25 -> 0.74746634 | EZ39: ='주택총조사(주택의종류)'!AS25 -> 0.062664898 | FA39: ='주택총조사(주택의종류)'!BG25 -> 0.18427068 | FB39: =SUM(EZ39:FA39)/EY39 -> 0.33036347 | FC39: =SUM(EO39,EX39)*FB39 -> 572.09484 | FD39: 0.4 | FE39: 0.6 | FF39: =FC39*FD39*FE39 -> 137.30276 | FG39: =SUM(EO39,EX39,FF39) -> 1869.0161 | FH39: 0.0394 | FI39: 30 | FJ39: 0.6 | FK39: 0.4 | FL39: =ROUND(EH39*34,-3) -> 78000 | FM39: =ROUND(EH39*34*FJ39,-2) -> 47000 | FN39: =PMT(FH39/12,FI39*12,FM39) -> -222.76247 | FO39: =-ROUND(FN39/FK39,-1)*12 -> 6720 | FP39: 408 | FQ39: 1214 | FR39: 11902 | FS39: 17268 | FT39: 11196 | FU39: 10550 | FV39: 10182 | FW39: 26079 | FX39: 32436 | FY39: =SUM(FP39:FX39) -> 121235 | FZ39: =(SUM(FW39:FX39)/FY39)+(FV39/FY39)*0.3 -> 0.50785334 | GA39: =SUM(AO39,BQ39) -> 3158.6597 | GB39: 0.3 | GC39: =FZ39 -> 0.50785334 | GD39: =GA39*GB39*GC39 -> 481.24077 | GE39: =SUM(AI39,BW39) -> 1783.0132 | GF39: 0.7 | GG39: =FZ39 -> 0.50785334 | GH39: =GE39*GF39*GG39 -> 633.85645 | GI39: =GD39+GH39 -> 1115.0972 | GJ39: =CX39 -> 38.711949 | GK39: =ED39 -> 246.62467 | GL39: =SUM('주택총조사(주택의종류)'!AD25:AF25) -> 158241 | GM39: =REPS미분양!I24 -> 0 | GN39: =GM39/GL39 -> 0 | GO39: =LOOKUP(GN39,$GW$25:$GX$28) -> 1 | GP39: =SUM(GJ39:GK39)*GO39 -> 285.33662 | GQ39: =SUM(FG39,GI39,GP39) -> 3269.45 | GR39: =SUM('REPS분양물량+계획'!G24:I24)/3 -> 1588.3333 | GS39: =GR39/GQ39 -> 0.48581056 | GT39: =LOOKUP(GS39,$GW$16:$GX$20) -> S등급
A40: 경기도 | B40: 고양시 일산동구 | C40: ='주택총조사(거처의종류, 일반,외국인가구, 전체)'!H26 -> 107411 | D40: ='주택총조사(거처의종류, 일반,외국인가구, 전체)'!K26 -> 109198 | E40: ='주택총조사(거처의종류, 일반,외국인가구, 전체)'!N26 -> 112376 | F40: ='주택총조사(거처의종류, 일반,외국인가구, 전체)'!Q26 -> 115977 | G40: ='주택총조사(거처의종류, 일반,외국인가구, 전체)'!T26 -> 117248 | H40: ='주택총조사(거처의종류, 일반,외국인가구, 전체)'!W26 -> 117087 | I40: =D40-C40-T40 -> 109 | J40: =E40-D40-U40 -> 1157 | K40: =F40-E40-V40 -> 793 | L40: =G40-F40-W40 -> -188 | M40: =H40-G40-X40 -> -1763 | N40: ='인구총조사(가구, 1인가구)'!D26 -> 27565 | O40: ='인구총조사(가구, 1인가구)'!E26 -> 29243 | P40: ='인구총조사(가구, 1인가구)'!F26 -> 31264 | Q40: ='인구총조사(가구, 1인가구)'!G26 -> 34072 | R40: ='인구총조사(가구, 1인가구)'!H26 -> 35531 | S40: ='인구총조사(가구, 1인가구)'!I26 -> 37133 | T40: =O40-N40 -> 1678 | U40: =P40-O40 -> 2021 | V40: =Q40-P40 -> 2808 | W40: =R40-Q40 -> 1459 | X40: =S40-R40 -> 1602 | Y40: ='주택총조사(거처의종류, 일반,외국인가구, 아파트)'!K26/'주택총조사(거처의종류, 일반,외국인가구, 전체)'!K26 -> 0.53509222 | Z40: ='주택총조사(거처의종류, 일반,외국인가구, 아파트)'!N26/'주택총조사(거처의종류, 일반,외국인가구, 전체)'!N26 -> 0.53083399 | AA40: ='주택총조사(거처의종류, 일반,외국인가구, 아파트)'!Q26/'주택총조사(거처의종류, 일반,외국인가구, 전체)'!Q26 -> 0.52375902 | AB40: ='주택총조사(거처의종류, 일반,외국인가구, 아파트)'!T26/'주택총조사(거처의종류, 일반,외국인가구, 전체)'!T26 -> 0.52614117 | AC40: ='주택총조사(거처의종류, 일반,외국인가구, 아파트)'!W26/'주택총조사(거처의종류, 일반,외국인가구, 전체)'!W26 -> 0.52839342 | AD40: =I40*Y40 -> 58.325052 | AE40: =J40*Z40 -> 614.17492 | AF40: =K40*AA40 -> 415.3409 | AG40: =L40*AB40 -> -98.91454 | AH40: =M40*AC40 -> -931.55759 | AI40: =AVERAGE(AD40:AH40) -> 11.473749 | AJ40: =T40*Y40 -> 897.88474 | AK40: =U40*Z40 -> 1072.8155 | AL40: =V40*AA40 -> 1470.7153 | AM40: =W40*AB40 -> 767.63997 | AN40: =X40*AC40 -> 846.48625 | AO40: =AVERAGE(AJ40:AN40) -> 1011.1084 | AP40: =AD40+AJ40 -> 956.20979 | AQ40: =AE40+AK40 -> 1686.9904 | AR40: =AF40+AL40 -> 1886.0562 | AS40: =AG40+AM40 -> 668.72543 | AT40: =AH40+AN40 -> -85.07134 | AU40: =AVERAGE(AP40:AT40) -> 1022.5821 | AV40: ='주택총조사(거처의종류, 일반,외국인가구, 전체)'!I26 -> 1966 | AW40: ='주택총조사(거처의종류, 일반,외국인가구, 전체)'!L26 -> 1933 | AX40: ='주택총조사(거처의종류, 일반,외국인가구, 전체)'!O26 -> 1936 | AY40: ='주택총조사(거처의종류, 일반,외국인가구, 전체)'!R26 -> 1957 | AZ40: ='주택총조사(거처의종류, 일반,외국인가구, 전체)'!U26 -> 1913 | BA40: ='주택총조사(거처의종류, 일반,외국인가구, 전체)'!X26 -> 1993 | BB40: =AW40-AV40 -> -33 | BC40: =AX40-AW40 -> 3 | BD40: =AY40-AX40 -> 21 | BE40: =AZ40-AY40 -> -44 | BF40: =BA40-AZ40 -> 80 | BG40: ='주택총조사(거처의종류, 일반,외국인가구, 아파트)'!L26/'주택총조사(거처의종류, 일반,외국인가구, 전체)'!L26 -> 0.12209002 | BH40: ='주택총조사(거처의종류, 일반,외국인가구, 아파트)'!O26/'주택총조사(거처의종류, 일반,외국인가구, 전체)'!O26 -> 0.10950413 | BI40: ='주택총조사(거처의종류, 일반,외국인가구, 아파트)'!R26/'주택총조사(거처의종류, 일반,외국인가구, 전체)'!R26 -> 0.10679612 | BJ40: ='주택총조사(거처의종류, 일반,외국인가구, 아파트)'!U26/'주택총조사(거처의종류, 일반,외국인가구, 전체)'!U26 -> 0.10559331 | BK40: ='주택총조사(거처의종류, 일반,외국인가구, 아파트)'!X26/'주택총조사(거처의종류, 일반,외국인가구, 전체)'!X26 -> 0.1098846 | BL40: =BB40*BG40 -> -4.0289705 | BM40: =BC40*BH40 -> 0.3285124 | BN40: =BD40*BI40 -> 2.2427184 | BO40: =BE40*BJ40 -> -4.6461056 | BP40: =BF40*BK40 -> 8.7907677 | BQ40: =AVERAGE(BL40:BP40) -> 0.53738448 | BR40: =REPS멸실!E25 -> 0 | BS40: =REPS멸실!F25 -> 0 | BT40: =REPS멸실!G25 -> 0 | BU40: =REPS멸실!H25 -> 0 | BV40: =REPS멸실!I25 -> 0 | BW40: =AVERAGE(BR40:BV40) -> 0 | BX40: =SUM(AU40,BQ40,BW40) -> 1023.1195 | BY40: =SUM('주택소유통계(다주택자)'!Q26:R26) -> 11838 | BZ40: =SUM('주택소유통계(다주택자)'!U26:V26) -> 11603 | CA40: =SUM('주택소유통계(다주택자)'!Y26:Z26) -> 11724 | CB40: =SUM('주택소유통계(다주택자)'!AC26:AD26) -> 11861 | CC40: =BZ40-BY40 -> -235 | CD40: =CA40-BZ40 -> 121 | CE40: =CB40-CA40 -> 137 | CF40: ='REPS거래량(외지인)'!D26/'REPS거래량(외지인)'!C26 -> 0.32449545 | CG40: ='REPS거래량(외지인)'!I26/'REPS거래량(외지인)'!H26 -> 0.33027523 | CH40: ='REPS거래량(외지인)'!N26/'REPS거래량(외지인)'!M26 -> 0.46712803 | CI40: =REPS단위당실거래!G25 -> 1738.4 | CJ40: =REPS단위당실거래!H25 -> 1584 | CK40: =REPS단위당실거래!I25 -> 1602.2 | CL40: 1965.55 | CM40: 2069 | CN40: 2368 | CO40: =CI40/CL40 -> 0.88443438 | CP40: 0 | CQ40: =CK40/CN40 -> 0.67660473 | CR40: 0.2 | CS40: 0.3 | CT40: 0.5 | CU40: =CC40*CF40*CO40*CR40 -> -13.488762 | CV40: =CD40*CG40*CP40*CS40 -> 0 | CW40: =CE40*CH40*CQ40*CT40 -> 21.650181 | CX40: =AVERAGE(CU40:CW40) -> 2.720473 | CY40: =REPS분양물량!H25 -> 1756 | CZ40: =REPS분양물량!I25 -> 2797 | DA40: =REPS분양물량!J25 -> 529 | DB40: =REPS미분양!F25 -> 0 | DC40: =REPS미분양!G25 -> 0 | DD40: =REPS미분양!H25 -> 0 | DE40: =REPS미분양!I25 -> 0 | DF40: =SUM(CY40,DB40) -> 1756 | DG40: =SUM(CZ40,DC40) -> 2797 | DH40: =SUM(DA40,DD40) -> 529 | DI40: =DF40-DC40 -> 1756 | DJ40: =DG40-DD40 -> 2797 | DK40: =DH40-DE40 -> 529 | DL40: 1738.4 | DM40: 1584 | DN40: 1602.2 | DO40: =DP40*0.95 -> 1965.55 | DP40: ='REPS분양가(분기단위)'!E25 -> 2069 | DQ40: ='REPS분양가(분기단위)'!F25 -> 2368 | DR40: =DL40/DO40 -> 0.88443438 | DS40: =DM40/DP40 -> 0.76558724 | DT40: =DN40/DQ40 -> 0.67660473 | DU40: =100%-종합!CF40 -> 0.67550455 | DV40: =100%-종합!CG40 -> 0.66972477 | DW40: =100%-종합!CH40 -> 0.53287197 | DX40: 0.2 | DY40: 0.3 | DZ40: 0.5 | EA40: =DI40*DR40*DU40*DX40 -> 209.82073 | EB40: =DJ40*DS40*DV40*DY40 -> 430.23404 | EC40: =DK40*DT40*DW40*DZ40 -> 95.363808 | ED40: =AVERAGE(EA40:EC40) -> 245.13953 | EE40: =CX40+ED40 -> 247.86 | EF40: =BX40+EE40 -> 1270.9795 | EG40: =REPS단위당실거래!I25 -> 1602.2 | EH40: =DQ40 -> 2368 | EI40: =ROUND(EH40*34,-2) -> 80500 | EJ40: =EI40*0.55 -> 44275 | EK40: 20797 | EL40: =FZ40 -> 0.58541141 | EM40: 0.74 | EN40: 0.05 | EO40: =EK40*EL40*EM40*EN40 -> 450.46764 | EP40: =REPS단위당실거래!I25 -> 1602.2 | EQ40: =DQ40 -> 2368 | ER40: =ROUND(EQ40*34,-2) -> 80500 | ES40: =ER40*0.55 -> 44275 | ET40: 7481 | EU40: =FZ40 -> 0.58541141 | EV40: 0.26 | EW40: 0.2 | EX40: =ET40*EU40*EV40*EW40 -> 227.73206 | EY40: ='주택총조사(주택의종류)'!AZ26 -> 0.75125325 | EZ40: ='주택총조사(주택의종류)'!AS26 -> 0.093057604 | FA40: ='주택총조사(주택의종류)'!BG26 -> 0.15035449 | FB40: =SUM(EZ40:FA40)/EY40 -> 0.32400804 | FC40: =SUM(EO40,EX40)*FB40 -> 219.74216 | FD40: 0.4 | FE40: 0.6 | FF40: =FC40*FD40*FE40 -> 52.738117 | FG40: =SUM(EO40,EX40,FF40) -> 730.93783 | FH40: 0.0394 | FI40: 30 | FJ40: 0.6 | FK40: 0.4 | FL40: =ROUND(EH40*34,-3) -> 81000 | FM40: =ROUND(EH40*34*FJ40,-2) -> 48300 | FN40: =PMT(FH40/12,FI40*12,FM40) -> -228.92399 | FO40: =-ROUND(FN40/FK40,-1)*12 -> 6840 | FP40: 172 | FQ40: 439 | FR40: 4450 | FS40: 7310 | FT40: 5015 | FU40: 4660 | FV40: 5124 | FW40: 13139 | FX40: 22754 | FY40: =SUM(FP40:FX40) -> 63063 | FZ40: =(SUM(FW40:FX40)/FY40)+(FV40/FY40)*0.2 -> 0.58541141 | GA40: =SUM(AO40,BQ40) -> 1011.6457 | GB40: 0.3 | GC40: =FZ40 -> 0.58541141 | GD40: =GA40*GB40*GC40 -> 177.66869 | GE40: =SUM(AI40,BW40) -> 11.473749 | GF40: 0.7 | GG40: =FZ40 -> 0.58541141 | GH40: =GE40*GF40*GG40 -> 4.7018044 | GI40: =GD40+GH40 -> 182.37049 | GJ40: =CX40 -> 2.720473 | GK40: =ED40 -> 245.13953 | GL40: =SUM('주택총조사(주택의종류)'!AD26:AF26) -> 76311 | GM40: =REPS미분양!I25 -> 0 | GN40: =GM40/GL40 -> 0 | GO40: =LOOKUP(GN40,$GW$25:$GX$28) -> 1 | GP40: =SUM(GJ40:GK40)*GO40 -> 247.86 | GQ40: =SUM(FG40,GI40,GP40) -> 1161.1683 | GR40: =SUM('REPS분양물량+계획'!G25:I25)/3 -> 2911 | GS40: =GR40/GQ40 -> 2.5069578 | GT40: =LOOKUP(GS40,$GW$16:$GX$20) -> C등급
A41: 경기도 | B41: 고양시 일산서구 | C41: ='주택총조사(거처의종류, 일반,외국인가구, 전체)'!H27 -> 98208 | D41: ='주택총조사(거처의종류, 일반,외국인가구, 전체)'!K27 -> 102943 | E41: ='주택총조사(거처의종류, 일반,외국인가구, 전체)'!N27 -> 105507 | F41: ='주택총조사(거처의종류, 일반,외국인가구, 전체)'!Q27 -> 106209 | G41: ='주택총조사(거처의종류, 일반,외국인가구, 전체)'!T27 -> 105987 | H41: ='주택총조사(거처의종류, 일반,외국인가구, 전체)'!W27 -> 106524 | I41: =D41-C41-T41 -> 2441 | J41: =E41-D41-U41 -> 1158 | K41: =F41-E41-V41 -> -738 | L41: =G41-F41-W41 -> -1407 | M41: =H41-G41-X41 -> -971 | N41: ='인구총조사(가구, 1인가구)'!D27 -> 17447 | O41: ='인구총조사(가구, 1인가구)'!E27 -> 19741 | P41: ='인구총조사(가구, 1인가구)'!F27 -> 21147 | Q41: ='인구총조사(가구, 1인가구)'!G27 -> 22587 | R41: ='인구총조사(가구, 1인가구)'!H27 -> 23772 | S41: ='인구총조사(가구, 1인가구)'!I27 -> 25280 | T41: =O41-N41 -> 2294 | U41: =P41-O41 -> 1406 | V41: =Q41-P41 -> 1440 | W41: =R41-Q41 -> 1185 | X41: =S41-R41 -> 1508 | Y41: ='주택총조사(거처의종류, 일반,외국인가구, 아파트)'!K27/'주택총조사(거처의종류, 일반,외국인가구, 전체)'!K27 -> 0.77880963 | Z41: ='주택총조사(거처의종류, 일반,외국인가구, 아파트)'!N27/'주택총조사(거처의종류, 일반,외국인가구, 전체)'!N27 -> 0.76801539 | AA41: ='주택총조사(거처의종류, 일반,외국인가구, 아파트)'!Q27/'주택총조사(거처의종류, 일반,외국인가구, 전체)'!Q27 -> 0.76265665 | AB41: ='주택총조사(거처의종류, 일반,외국인가구, 아파트)'!T27/'주택총조사(거처의종류, 일반,외국인가구, 전체)'!T27 -> 0.76012152 | AC41: ='주택총조사(거처의종류, 일반,외국인가구, 아파트)'!W27/'주택총조사(거처의종류, 일반,외국인가구, 전체)'!W27 -> 0.76223199 | AD41: =I41*Y41 -> 1901.0743 | AE41: =J41*Z41 -> 889.36182 | AF41: =K41*AA41 -> -562.84061 | AG41: =L41*AB41 -> -1069.491 | AH41: =M41*AC41 -> -740.12726 | AI41: =AVERAGE(AD41:AH41) -> 83.595458 | AJ41: =T41*Y41 -> 1786.5893 | AK41: =U41*Z41 -> 1079.8296 | AL41: =V41*AA41 -> 1098.2256 | AM41: =W41*AB41 -> 900.74401 | AN41: =X41*AC41 -> 1149.4458 | AO41: =AVERAGE(AJ41:AN41) -> 1202.9669 | AP41: =AD41+AJ41 -> 3687.6636 | AQ41: =AE41+AK41 -> 1969.1915 | AR41: =AF41+AL41 -> 535.38497 | AS41: =AG41+AM41 -> -168.74698 | AT41: =AH41+AN41 -> 409.31858 | AU41: =AVERAGE(AP41:AT41) -> 1286.5623 | AV41: ='주택총조사(거처의종류, 일반,외국인가구, 전체)'!I27 -> 1617 | AW41: ='주택총조사(거처의종류, 일반,외국인가구, 전체)'!L27 -> 1657 | AX41: ='주택총조사(거처의종류, 일반,외국인가구, 전체)'!O27 -> 1652 | AY41: ='주택총조사(거처의종류, 일반,외국인가구, 전체)'!R27 -> 1651 | AZ41: ='주택총조사(거처의종류, 일반,외국인가구, 전체)'!U27 -> 1660 | BA41: ='주택총조사(거처의종류, 일반,외국인가구, 전체)'!X27 -> 1784 | BB41: =AW41-AV41 -> 40 | BC41: =AX41-AW41 -> -5 | BD41: =AY41-AX41 -> -1 | BE41: =AZ41-AY41 -> 9 | BF41: =BA41-AZ41 -> 124 | BG41: ='주택총조사(거처의종류, 일반,외국인가구, 아파트)'!L27/'주택총조사(거처의종류, 일반,외국인가구, 전체)'!L27 -> 0.25528063 | BH41: ='주택총조사(거처의종류, 일반,외국인가구, 아파트)'!O27/'주택총조사(거처의종류, 일반,외국인가구, 전체)'!O27 -> 0.25786925 | BI41: ='주택총조사(거처의종류, 일반,외국인가구, 아파트)'!R27/'주택총조사(거처의종류, 일반,외국인가구, 전체)'!R27 -> 0.23924894 | BJ41: ='주택총조사(거처의종류, 일반,외국인가구, 아파트)'!U27/'주택총조사(거처의종류, 일반,외국인가구, 전체)'!U27 -> 0.2313253 | BK41: ='주택총조사(거처의종류, 일반,외국인가구, 아파트)'!X27/'주택총조사(거처의종류, 일반,외국인가구, 전체)'!X27 -> 0.24607623 | BL41: =BB41*BG41 -> 10.211225 | BM41: =BC41*BH41 -> -1.2893462 | BN41: =BD41*BI41 -> -0.23924894 | BO41: =BE41*BJ41 -> 2.0819277 | BP41: =BF41*BK41 -> 30.513453 | BQ41: =AVERAGE(BL41:BP41) -> 8.2556021 | BR41: =REPS멸실!E26 -> 0 | BS41: =REPS멸실!F26 -> 0 | BT41: =REPS멸실!G26 -> 0 | BU41: =REPS멸실!H26 -> 0 | BV41: =REPS멸실!I26 -> 0 | BW41: =AVERAGE(BR41:BV41) -> 0 | BX41: =SUM(AU41,BQ41,BW41) -> 1294.8179 | BY41: =SUM('주택소유통계(다주택자)'!Q27:R27) -> 13066 | BZ41: =SUM('주택소유통계(다주택자)'!U27:V27) -> 12687 | CA41: =SUM('주택소유통계(다주택자)'!Y27:Z27) -> 12405 | CB41: =SUM('주택소유통계(다주택자)'!AC27:AD27) -> 12340 | CC41: =BZ41-BY41 -> -379 | CD41: =CA41-BZ41 -> -282 | CE41: =CB41-CA41 -> -65 | CF41: ='REPS거래량(외지인)'!D27/'REPS거래량(외지인)'!C27 -> 0.31750486 | CG41: ='REPS거래량(외지인)'!I27/'REPS거래량(외지인)'!H27 -> 0.31488315 | CH41: ='REPS거래량(외지인)'!N27/'REPS거래량(외지인)'!M27 -> 0.49296906 | CI41: =REPS단위당실거래!G26 -> 1565.2 | CJ41: =REPS단위당실거래!H26 -> 1378.1 | CK41: =REPS단위당실거래!I26 -> 1362.7 | CL41: 0 | CM41: 0 | CN41: 0 | CO41: 0 | CP41: 0 | CQ41: 0 | CR41: 0.2 | CS41: 0.3 | CT41: 0.5 | CU41: =CC41*CF41*CO41*CR41 -> 0 | CV41: =CD41*CG41*CP41*CS41 -> 0 | CW41: =CE41*CH41*CQ41*CT41 -> 0 | CX41: =AVERAGE(CU41:CW41) -> 0 | CY41: =REPS분양물량!H26 -> 0 | CZ41: =REPS분양물량!I26 -> 0 | DA41: =REPS분양물량!J26 -> 0 | DB41: =REPS미분양!F26 -> 0 | DC41: =REPS미분양!G26 -> 0 | DD41: =REPS미분양!H26 -> 0 | DE41: =REPS미분양!I26 -> 0 | DF41: =SUM(CY41,DB41) -> 0 | DG41: =SUM(CZ41,DC41) -> 0 | DH41: =SUM(DA41,DD41) -> 0 | DI41: =DF41-DC41 -> 0 | DJ41: =DG41-DD41 -> 0 | DK41: =DH41-DE41 -> 0 | DL41: 1565.2 | DM41: 1378.1 | DN41: 1362.7 | DO41: ='REPS분양가(분기단위)'!D26 -> 0 | DP41: ='REPS분양가(분기단위)'!E26 -> 0 | DQ41: ='REPS분양가(분기단위)'!F26 -> 0 | DR41: =DL41/DO41 -> #DIV/0! | DS41: =DM41/DP41 -> #DIV/0! | DT41: =DN41/DQ41 -> #DIV/0! | DU41: =100%-종합!CF41 -> 0.68249514 | DV41: =100%-종합!CG41 -> 0.68511685 | DW41: =100%-종합!CH41 -> 0.50703094 | DX41: 0.2 | DY41: 0.3 | DZ41: 0.5 | EA41: =DI41*DR41*DU41*DX41 -> #DIV/0! | EB41: =DJ41*DS41*DV41*DY41 -> #DIV/0! | EC41: =DK41*DT41*DW41*DZ41 -> #DIV/0! | ED41: =AVERAGE(EA41:EC41) -> #DIV/0! | EE41: =CX41+ED41 -> #DIV/0! | EF41: =BX41+EE41 -> #DIV/0! | EG41: =REPS단위당실거래!I26 -> 1362.7 | EH41: =DQ41 -> 0 | EI41: =ROUND(EH41*34,-2) -> 0 | EJ41: =EI41*0.55 -> 0 | EK41: 0 | EL41: =FZ41 -> 0 | EM41: 0.74 | EN41: 0.05 | EO41: =EK41*EL41*EM41*EN41 -> 0 | EP41: =REPS단위당실거래!I26 -> 1362.7 | EQ41: =DQ41 -> 0 | ER41: =ROUND(EQ41*34,-2) -> 0 | ES41: =ER41*0.55 -> 0 | ET41: 0 | EU41: =FZ41 -> 0 | EV41: 0.26 | EW41: 0.2 | EX41: =ET41*EU41*EV41*EW41 -> 0 | EY41: ='주택총조사(주택의종류)'!AZ27 -> 0.88489669 | EZ41: ='주택총조사(주택의종류)'!AS27 -> 0.038955367 | FA41: ='주택총조사(주택의종류)'!BG27 -> 0.072798495 | FB41: =SUM(EZ41:FA41)/EY41 -> 0.12629029 | FC41: =SUM(EO41,EX41)*FB41 -> 0 | FD41: 0.4 | FE41: 0.6 | FF41: =FC41*FD41*FE41 -> 0 | FG41: =SUM(EO41,EX41,FF41) -> 0 | FH41: 0.0394 | FI41: 30 | FJ41: 0.6 | FK41: 0.4 | FL41: =ROUND(EH41*34,-3) -> 0 | FM41: =ROUND(EH41*34*FJ41,-2) -> 0 | FN41: =PMT(FH41/12,FI41*12,FM41) -> 0 | FO41: =-ROUND(FN41/FK41,-1)*12 -> 0 | FP41: 218 | FQ41: 606 | FR41: 5301 | FS41: 9290 | FT41: 6316 | FU41: 6167 | FV41: 6562 | FW41: 17365 | FX41: 25407 | FY41: =SUM(FP41:FX41) -> 77232 | FZ41: 0 | GA41: =SUM(AO41,BQ41) -> 1211.2225 | GB41: 0.3 | GC41: =FZ41 -> 0 | GD41: =GA41*GB41*GC41 -> 0 | GE41: =SUM(AI41,BW41) -> 83.595458 | GF41: 0.7 | GG41: =FZ41 -> 0 | GH41: =GE41*GF41*GG41 -> 0 | GI41: =GD41+GH41 -> 0 | GJ41: =CX41 -> 0 | GK41: =ED41 -> #DIV/0! | GL41: =SUM('주택총조사(주택의종류)'!AD27:AF27) -> 90392 | GM41: =REPS미분양!I26 -> 0 | GN41: =GM41/GL41 -> 0 | GO41: =LOOKUP(GN41,$GW$25:$GX$28) -> 1 | GP41: =SUM(GJ41:GK41)*GO41 -> #DIV/0! | GQ41: =SUM(FG41,GI41,GP41) -> #DIV/0! | GR41: =SUM('REPS분양물량+계획'!G26:I26)/3 -> 133.33333 | GS41: =GR41/GQ41 -> #DIV/0! | GT41: =LOOKUP(GS41,$GW$16:$GX$20) -> #DIV/0!
A42: 경기도 | B42: 과천시 | C42: ='주택총조사(거처의종류, 일반,외국인가구, 전체)'!H28 -> 18678 | D42: ='주택총조사(거처의종류, 일반,외국인가구, 전체)'!K28 -> 18901 | E42: ='주택총조사(거처의종류, 일반,외국인가구, 전체)'!N28 -> 20504 | F42: ='주택총조사(거처의종류, 일반,외국인가구, 전체)'!Q28 -> 23761 | G42: ='주택총조사(거처의종류, 일반,외국인가구, 전체)'!T28 -> 26753 | H42: ='주택총조사(거처의종류, 일반,외국인가구, 전체)'!W28 -> 27702 | I42: =D42-C42-T42 -> 157 | J42: =E42-D42-U42 -> 1332 | K42: =F42-E42-V42 -> 2604 | L42: =G42-F42-W42 -> 2380 | M42: =H42-G42-X42 -> 984 | N42: ='인구총조사(가구, 1인가구)'!D28 -> 3407 | O42: ='인구총조사(가구, 1인가구)'!E28 -> 3473 | P42: ='인구총조사(가구, 1인가구)'!F28 -> 3744 | Q42: ='인구총조사(가구, 1인가구)'!G28 -> 4397 | R42: ='인구총조사(가구, 1인가구)'!H28 -> 5009 | S42: ='인구총조사(가구, 1인가구)'!I28 -> 4974 | T42: =O42-N42 -> 66 | U42: =P42-O42 -> 271 | V42: =Q42-P42 -> 653 | W42: =R42-Q42 -> 612 | X42: =S42-R42 -> -35 | Y42: ='주택총조사(거처의종류, 일반,외국인가구, 아파트)'!K28/'주택총조사(거처의종류, 일반,외국인가구, 전체)'!K28 -> 0.47579493 | Z42: ='주택총조사(거처의종류, 일반,외국인가구, 아파트)'!N28/'주택총조사(거처의종류, 일반,외국인가구, 전체)'!N28 -> 0.51375341 | AA42: ='주택총조사(거처의종류, 일반,외국인가구, 아파트)'!Q28/'주택총조사(거처의종류, 일반,외국인가구, 전체)'!Q28 -> 0.58347713 | AB42: ='주택총조사(거처의종류, 일반,외국인가구, 아파트)'!T28/'주택총조사(거처의종류, 일반,외국인가구, 전체)'!T28 -> 0.62650918 | AC42: ='주택총조사(거처의종류, 일반,외국인가구, 아파트)'!W28/'주택총조사(거처의종류, 일반,외국인가구, 전체)'!W28 -> 0.65334633 | AD42: =I42*Y42 -> 74.699804 | AE42: =J42*Z42 -> 684.31955 | AF42: =K42*AA42 -> 1519.3744 | AG42: =L42*AB42 -> 1491.0918 | AH42: =M42*AC42 -> 642.89279 | AI42: =AVERAGE(AD42:AH42) -> 882.47568 | AJ42: =T42*Y42 -> 31.402465 | AK42: =U42*Z42 -> 139.22718 | AL42: =V42*AA42 -> 381.01056 | AM42: =W42*AB42 -> 383.42362 | AN42: =X42*AC42 -> -22.867122 | AO42: =AVERAGE(AJ42:AN42) -> 182.43934 | AP42: =AD42+AJ42 -> 106.10227 | AQ42: =AE42+AK42 -> 823.54672 | AR42: =AF42+AL42 -> 1900.385 | AS42: =AG42+AM42 -> 1874.5155 | AT42: =AH42+AN42 -> 620.02567 | AU42: =AVERAGE(AP42:AT42) -> 1064.915 | AV42: ='주택총조사(거처의종류, 일반,외국인가구, 전체)'!I28 -> 124 | AW42: ='주택총조사(거처의종류, 일반,외국인가구, 전체)'!L28 -> 111 | AX42: ='주택총조사(거처의종류, 일반,외국인가구, 전체)'!O28 -> 115 | AY42: ='주택총조사(거처의종류, 일반,외국인가구, 전체)'!R28 -> 95 | AZ42: ='주택총조사(거처의종류, 일반,외국인가구, 전체)'!U28 -> 96 | BA42: ='주택총조사(거처의종류, 일반,외국인가구, 전체)'!X28 -> 94 | BB42: =AW42-AV42 -> -13 | BC42: =AX42-AW42 -> 4 | BD42: =AY42-AX42 -> -20 | BE42: =AZ42-AY42 -> 1 | BF42: =BA42-AZ42 -> -2 | BG42: ='주택총조사(거처의종류, 일반,외국인가구, 아파트)'!L28/'주택총조사(거처의종류, 일반,외국인가구, 전체)'!L28 -> 0.18918919 | BH42: ='주택총조사(거처의종류, 일반,외국인가구, 아파트)'!O28/'주택총조사(거처의종류, 일반,외국인가구, 전체)'!O28 -> 0.22608696 | BI42: ='주택총조사(거처의종류, 일반,외국인가구, 아파트)'!R28/'주택총조사(거처의종류, 일반,외국인가구, 전체)'!R28 -> 0.25263158 | BJ42: ='주택총조사(거처의종류, 일반,외국인가구, 아파트)'!U28/'주택총조사(거처의종류, 일반,외국인가구, 전체)'!U28 -> 0.38541667 | BK42: ='주택총조사(거처의종류, 일반,외국인가구, 아파트)'!X28/'주택총조사(거처의종류, 일반,외국인가구, 전체)'!X28 -> 0.39361702 | BL42: =BB42*BG42 -> -2.4594595 | BM42: =BC42*BH42 -> 0.90434783 | BN42: =BD42*BI42 -> -5.0526316 | BO42: =BE42*BJ42 -> 0.38541667 | BP42: =BF42*BK42 -> -0.78723404 | BQ42: =AVERAGE(BL42:BP42) -> -1.4019121 | BR42: =REPS멸실!E27 -> 2102 | BS42: =REPS멸실!F27 -> 250 | BT42: =REPS멸실!G27 -> 0 | BU42: =REPS멸실!H27 -> 0 | BV42: =REPS멸실!I27 -> 0 | BW42: =AVERAGE(BR42:BV42) -> 470.4 | BX42: =SUM(AU42,BQ42,BW42) -> 1533.9131 | BY42: =SUM('주택소유통계(다주택자)'!Q28:R28) -> 2795 | BZ42: =SUM('주택소유통계(다주택자)'!U28:V28) -> 3398 | CA42: =SUM('주택소유통계(다주택자)'!Y28:Z28) -> 3673 | CB42: =SUM('주택소유통계(다주택자)'!AC28:AD28) -> 3687 | CC42: =BZ42-BY42 -> 603 | CD42: =CA42-BZ42 -> 275 | CE42: =CB42-CA42 -> 14 | CF42: ='REPS거래량(외지인)'!D28/'REPS거래량(외지인)'!C28 -> 0.27272727 | CG42: ='REPS거래량(외지인)'!I28/'REPS거래량(외지인)'!H28 -> 0.40869565 | CH42: ='REPS거래량(외지인)'!N28/'REPS거래량(외지인)'!M28 -> 0.44688645 | CI42: =REPS단위당실거래!G27 -> 5112.4 | CJ42: =REPS단위당실거래!H27 -> 4990.5 | CK42: =REPS단위당실거래!I27 -> 5735.5 | CL42: 3918.655 | CM42: 4124.9 | CN42: 4342 | CO42: =CI42/CL42 -> 1.3046313 | CP42: =CJ42/CM42 -> 1.2098475 | CQ42: =CK42/CN42 -> 1.3209351 | CR42: 0.2 | CS42: 0.3 | CT42: 0.5 | CU42: =CC42*CF42*CO42*CR42 -> 42.91051 | CV42: =CD42*CG42*CP42*CS42 -> 40.792902 | CW42: =CE42*CH42*CQ42*CT42 -> 4.1321558 | CX42: =AVERAGE(CU42:CW42) -> 29.278523 | CY42: =REPS분양물량!H27 -> 1041 | CZ42: =REPS분양물량!I27 -> 52 | DA42: =REPS분양물량!J27 -> 0 | DB42: =REPS미분양!F27 -> 0 | DC42: =REPS미분양!G27 -> 0 | DD42: =REPS미분양!H27 -> 0 | DE42: =REPS미분양!I27 -> 0 | DF42: =SUM(CY42,DB42) -> 1041 | DG42: =SUM(CZ42,DC42) -> 52 | DH42: =SUM(DA42,DD42) -> 0 | DI42: =DF42-DC42 -> 1041 | DJ42: =DG42-DD42 -> 52 | DK42: =DH42-DE42 -> 0 | DL42: 5112.4 | DM42: 4990.5 | DN42: 5735.5 | DO42: =DP42*0.95 -> 3918.655 | DP42: =DQ42*0.95 -> 4124.9 | DQ42: ='REPS분양가(분기단위)'!F27 -> 4342 | DR42: =DL42/DO42 -> 1.3046313 | DS42: =DM42/DP42 -> 1.2098475 | DT42: =DN42/DQ42 -> 1.3209351 | DU42: =100%-종합!CF42 -> 0.72727273 | DV42: =100%-종합!CG42 -> 0.59130435 | DW42: =100%-종합!CH42 -> 0.55311355 | DX42: 0.2 | DY42: 0.3 | DZ42: 0.5 | EA42: =DI42*DR42*DU42*DX42 -> 197.5449 | EB42: =DJ42*DS42*DV42*DY42 -> 11.160054 | EC42: =DK42*DT42*DW42*DZ42 -> 0 | ED42: =AVERAGE(EA42:EC42) -> 69.568318 | EE42: =CX42+ED42 -> 98.846841 | EF42: =BX42+EE42 -> 1632.76 | EG42: =REPS단위당실거래!I27 -> 5735.5 | EH42: =DQ42 -> 4342 | EI42: =ROUND(EH42*34,-2) -> 147600 | EJ42: =EI42*0.55 -> 81180 | EK42: 14996 | EL42: =FZ42 -> 0.65085548 | EM42: 0.74 | EN42: 0.05 | EO42: =EK42*EL42*EM42*EN42 -> 361.12847 | EP42: =REPS단위당실거래!I27 -> 5735.5 | EQ42: =DQ42 -> 4342 | ER42: =ROUND(EQ42*34,-2) -> 147600 | ES42: =ER42*0.55 -> 81180 | ET42: 10350 | EU42: =FZ42 -> 0.65085548 | EV42: 0.26 | EW42: 0.2 | EX42: =ET42*EU42*EV42*EW42 -> 350.29042 | EY42: ='주택총조사(주택의종류)'!AZ28 -> 0.73993271 | EZ42: ='주택총조사(주택의종류)'!AS28 -> 0.10830554 | FA42: ='주택총조사(주택의종류)'!BG28 -> 0.14552264 | FB42: =SUM(EZ42:FA42)/EY42 -> 0.34304226 | FC42: =SUM(EO42,EX42)*FB42 -> 244.04674 | FD42: 0.4 | FE42: 0.6 | FF42: =FC42*FD42*FE42 -> 58.571218 | FG42: =SUM(EO42,EX42,FF42) -> 769.99011 | FH42: 0.0394 | FI42: 30 | FJ42: 0.6 | FK42: 0.4 | FL42: =ROUND(EH42*34,-3) -> 148000 | FM42: =ROUND(EH42*34*FJ42,-2) -> 88600 | FN42: =PMT(FH42/12,FI42*12,FM42) -> -419.93096 | FO42: =-ROUND(FN42/FK42,-1)*12 -> 12600 | FP42: - | FQ42: 62 | FR42: 748 | FS42: 1607 | FT42: 1291 | FU42: 1119 | FV42: 1193 | FW42: 3585 | FX42: 10033 | FY42: =SUM(FP42:FX42) -> 19638 | FZ42: =(FX42/FY42)+(FW42*(23/30))/FY42 -> 0.65085548 | GA42: =SUM(AO42,BQ42) -> 181.03743 | GB42: 0.3 | GC42: =FZ42 -> 0.65085548 | GD42: =GA42*GB42*GC42 -> 35.348761 | GE42: =SUM(AI42,BW42) -> 1352.8757 | GF42: 0.7 | GG42: =FZ42 -> 0.65085548 | GH42: =GE42*GF42*GG42 -> 616.36859 | GI42: =GD42+GH42 -> 651.71735 | GJ42: =CX42 -> 29.278523 | GK42: =ED42 -> 69.568318 | GL42: =SUM('주택총조사(주택의종류)'!AD28:AF28) -> 20755 | GM42: =REPS미분양!I27 -> 0 | GN42: =GM42/GL42 -> 0 | GO42: =LOOKUP(GN42,$GW$25:$GX$28) -> 1 | GP42: =SUM(GJ42:GK42)*GO42 -> 98.846841 | GQ42: =SUM(FG42,GI42,GP42) -> 1520.5543 | GR42: =SUM('REPS분양물량+계획'!G27:I27)/3 -> 1560.6667 | GS42: =GR42/GQ42 -> 1.0263801 | GT42: =LOOKUP(GS42,$GW$16:$GX$20) -> B등급
A43: 경기도 | B43: 광명시 | C43: ='주택총조사(거처의종류, 일반,외국인가구, 전체)'!H29 -> 117086 | D43: ='주택총조사(거처의종류, 일반,외국인가구, 전체)'!K29 -> 115414 | E43: ='주택총조사(거처의종류, 일반,외국인가구, 전체)'!N29 -> 111383 | F43: ='주택총조사(거처의종류, 일반,외국인가구, 전체)'!Q29 -> 110678 | G43: ='주택총조사(거처의종류, 일반,외국인가구, 전체)'!T29 -> 109959 | H43: ='주택총조사(거처의종류, 일반,외국인가구, 전체)'!W29 -> 107445 | I43: =D43-C43-T43 -> -2563 | J43: =E43-D43-U43 -> -3797 | K43: =F43-E43-V43 -> -1697 | L43: =G43-F43-W43 -> -1168 | M43: =H43-G43-X43 -> -2104 | N43: ='인구총조사(가구, 1인가구)'!D29 -> 25839 | O43: ='인구총조사(가구, 1인가구)'!E29 -> 26730 | P43: ='인구총조사(가구, 1인가구)'!F29 -> 26496 | Q43: ='인구총조사(가구, 1인가구)'!G29 -> 27488 | R43: ='인구총조사(가구, 1인가구)'!H29 -> 27937 | S43: ='인구총조사(가구, 1인가구)'!I29 -> 27527 | T43: =O43-N43 -> 891 | U43: =P43-O43 -> -234 | V43: =Q43-P43 -> 992 | W43: =R43-Q43 -> 449 | X43: =S43-R43 -> -410 | Y43: ='주택총조사(거처의종류, 일반,외국인가구, 아파트)'!K29/'주택총조사(거처의종류, 일반,외국인가구, 전체)'!K29 -> 0.61191017 | Z43: ='주택총조사(거처의종류, 일반,외국인가구, 아파트)'!N29/'주택총조사(거처의종류, 일반,외국인가구, 전체)'!N29 -> 0.64170475 | AA43: ='주택총조사(거처의종류, 일반,외국인가구, 아파트)'!Q29/'주택총조사(거처의종류, 일반,외국인가구, 전체)'!Q29 -> 0.64324437 | AB43: ='주택총조사(거처의종류, 일반,외국인가구, 아파트)'!T29/'주택총조사(거처의종류, 일반,외국인가구, 전체)'!T29 -> 0.6645477 | AC43: ='주택총조사(거처의종류, 일반,외국인가구, 아파트)'!W29/'주택총조사(거처의종류, 일반,외국인가구, 전체)'!W29 -> 0.69926939 | AD43: =I43*Y43 -> -1568.3258 | AE43: =J43*Z43 -> -2436.5529 | AF43: =K43*AA43 -> -1091.5857 | AG43: =L43*AB43 -> -776.19171 | AH43: =M43*AC43 -> -1471.2628 | AI43: =AVERAGE(AD43:AH43) -> -1468.7838 | AJ43: =T43*Y43 -> 545.21196 | AK43: =U43*Z43 -> -150.15891 | AL43: =V43*AA43 -> 638.09841 | AM43: =W43*AB43 -> 298.38192 | AN43: =X43*AC43 -> -286.70045 | AO43: =AVERAGE(AJ43:AN43) -> 208.96658 | AP43: =AD43+AJ43 -> -1023.1138 | AQ43: =AE43+AK43 -> -2586.7118 | AR43: =AF43+AL43 -> -453.48728 | AS43: =AG43+AM43 -> -477.80979 | AT43: =AH43+AN43 -> -1757.9633 | AU43: =AVERAGE(AP43:AT43) -> -1259.8172 | AV43: ='주택총조사(거처의종류, 일반,외국인가구, 전체)'!I29 -> 3644 | AW43: ='주택총조사(거처의종류, 일반,외국인가구, 전체)'!L29 -> 3476 | AX43: ='주택총조사(거처의종류, 일반,외국인가구, 전체)'!O29 -> 3006 | AY43: ='주택총조사(거처의종류, 일반,외국인가구, 전체)'!R29 -> 2566 | AZ43: ='주택총조사(거처의종류, 일반,외국인가구, 전체)'!U29 -> 2265 | BA43: ='주택총조사(거처의종류, 일반,외국인가구, 전체)'!X29 -> 1898 | BB43: =AW43-AV43 -> -168 | BC43: =AX43-AW43 -> -470 | BD43: =AY43-AX43 -> -440 | BE43: =AZ43-AY43 -> -301 | BF43: =BA43-AZ43 -> -367 | BG43: ='주택총조사(거처의종류, 일반,외국인가구, 아파트)'!L29/'주택총조사(거처의종류, 일반,외국인가구, 전체)'!L29 -> 0.077387802 | BH43: ='주택총조사(거처의종류, 일반,외국인가구, 아파트)'!O29/'주택총조사(거처의종류, 일반,외국인가구, 전체)'!O29 -> 0.090153027 | BI43: ='주택총조사(거처의종류, 일반,외국인가구, 아파트)'!R29/'주택총조사(거처의종류, 일반,외국인가구, 전체)'!R29 -> 0.08690569 | BJ43: ='주택총조사(거처의종류, 일반,외국인가구, 아파트)'!U29/'주택총조사(거처의종류, 일반,외국인가구, 전체)'!U29 -> 0.10993377 | BK43: ='주택총조사(거처의종류, 일반,외국인가구, 아파트)'!X29/'주택총조사(거처의종류, 일반,외국인가구, 전체)'!X29 -> 0.14436249 | BL43: =BB43*BG43 -> -13.001151 | BM43: =BC43*BH43 -> -42.371923 | BN43: =BD43*BI43 -> -38.238504 | BO43: =BE43*BJ43 -> -33.090066 | BP43: =BF43*BK43 -> -52.981033 | BQ43: =AVERAGE(BL43:BP43) -> -35.936535 | BR43: =REPS멸실!E28 -> 599 | BS43: =REPS멸실!F28 -> 0 | BT43: =REPS멸실!G28 -> 0 | BU43: =REPS멸실!H28 -> 0 | BV43: =REPS멸실!I28 -> 3206 | BW43: =AVERAGE(BR43:BV43) -> 761 | BX43: =SUM(AU43,BQ43,BW43) -> -534.75373 | BY43: =SUM('주택소유통계(다주택자)'!Q29:R29) -> 12448 | BZ43: =SUM('주택소유통계(다주택자)'!U29:V29) -> 11376 | CA43: =SUM('주택소유통계(다주택자)'!Y29:Z29) -> 11506 | CB43: =SUM('주택소유통계(다주택자)'!AC29:AD29) -> 11479 | CC43: =BZ43-BY43 -> -1072 | CD43: =CA43-BZ43 -> 130 | CE43: =CB43-CA43 -> -27 | CF43: ='REPS거래량(외지인)'!D29/'REPS거래량(외지인)'!C29 -> 0.35770235 | CG43: ='REPS거래량(외지인)'!I29/'REPS거래량(외지인)'!H29 -> 0.32914923 | CH43: ='REPS거래량(외지인)'!N29/'REPS거래량(외지인)'!M29 -> 0.4438115 | CI43: =REPS단위당실거래!G28 -> 2545.1 | CJ43: =REPS단위당실거래!H28 -> 2429 | CK43: =REPS단위당실거래!I28 -> 2459.7 | CL43: 2773 | CM43: 3239 | CN43: 2977 | CO43: 0 | CP43: =CJ43/CM43 -> 0.74992282 | CQ43: =CK43/CN43 -> 0.82623446 | CR43: 0.2 | CS43: 0.3 | CT43: 0.5 | CU43: =CC43*CF43*CO43*CR43 -> 0 | CV43: =CD43*CG43*CP43*CS43 -> 9.6266243 | CW43: =CE43*CH43*CQ43*CT43 -> -4.9503468 | CX43: =AVERAGE(CU43:CW43) -> 1.5587592 | CY43: =REPS분양물량!H28 -> 4925 | CZ43: =REPS분양물량!I28 -> 10723 | DA43: =REPS분양물량!J28 -> 4387 | DB43: =REPS미분양!F28 -> 0 | DC43: =REPS미분양!G28 -> 37 | DD43: =REPS미분양!H28 -> 4 | DE43: =REPS미분양!I28 -> 360 | DF43: =SUM(CY43,DB43) -> 4925 | DG43: =SUM(CZ43,DC43) -> 10760 | DH43: =SUM(DA43,DD43) -> 4391 | DI43: =DF43-DC43 -> 4888 | DJ43: =DG43-DD43 -> 10756 | DK43: =DH43-DE43 -> 4031 | DL43: 2545.1 | DM43: 2429 | DN43: 2459.7 | DO43: ='REPS분양가(분기단위)'!D28 -> 2773 | DP43: ='REPS분양가(분기단위)'!E28 -> 3239 | DQ43: ='REPS분양가(분기단위)'!F28 -> 2977 | DR43: =DL43/DO43 -> 0.91781464 | DS43: =DM43/DP43 -> 0.74992282 | DT43: =DN43/DQ43 -> 0.82623446 | DU43: =100%-종합!CF43 -> 0.64229765 | DV43: =100%-종합!CG43 -> 0.67085077 | DW43: =100%-종합!CH43 -> 0.5561885 | DX43: 0.2 | DY43: 0.3 | DZ43: 0.5 | EA43: =DI43*DR43*DU43*DX43 -> 576.30516 | EB43: =DJ43*DS43*DV43*DY43 -> 1623.3589 | EC43: =DK43*DT43*DW43*DZ43 -> 926.20712 | ED43: =AVERAGE(EA43:EC43) -> 1041.957 | EE43: =CX43+ED43 -> 1043.5158 | EF43: =BX43+EE43 -> 508.76208 | EG43: =REPS단위당실거래!I28 -> 2459.7 | EH43: =DQ43 -> 2977 | EI43: =ROUND(EH43*34,-2) -> 101200 | EJ43: =EI43*0.55 -> 55660 | EK43: 45054 | EL43: =FZ43 -> 0.40226849 | EM43: 0.74 | EN43: 0.05 | EO43: =EK43*EL43*EM43*EN43 -> 670.58077 | EP43: =REPS단위당실거래!I28 -> 2459.7 | EQ43: =DQ43 -> 2977 | ER43: =ROUND(EQ43*34,-2) -> 101200 | ES43: =ER43*0.55 -> 55660 | ET43: 11413 | EU43: =FZ43 -> 0.40226849 | EV43: 0.26 | EW43: 0.2 | EX43: =ET43*EU43*EV43*EW43 -> 238.7367 | EY43: ='주택총조사(주택의종류)'!AZ29 -> 0.72281654 | EZ43: ='주택총조사(주택의종류)'!AS29 -> 0.052234171 | FA43: ='주택총조사(주택의종류)'!BG29 -> 0.21947298 | FB43: =SUM(EZ43:FA43)/EY43 -> 0.37590058 | FC43: =SUM(EO43,EX43)*FB43 -> 341.81296 | FD43: 0.4 | FE43: 0.6 | FF43: =FC43*FD43*FE43 -> 82.035111 | FG43: =SUM(EO43,EX43,FF43) -> 991.35258 | FH43: 0.0394 | FI43: 30 | FJ43: 0.6 | FK43: 0.4 | FL43: =ROUND(EH43*34,-3) -> 101000 | FM43: =ROUND(EH43*34*FJ43,-2) -> 60700 | FN43: =PMT(FH43/12,FI43*12,FM43) -> -287.69536 | FO43: =-ROUND(FN43/FK43,-1)*12 -> 8640 | FP43: 242 | FQ43: 641 | FR43: 7008 | FS43: 10072 | FT43: 6933 | FU43: 6795 | FV43: 6857 | FW43: 17343 | FX43: 24074 | FY43: =SUM(FP43:FX43) -> 79965 | FZ43: =(FX43/FY43)+(FW43*(14/30))/FY43 -> 0.40226849 | GA43: =SUM(AO43,BQ43) -> 173.03005 | GB43: 0.3 | GC43: =FZ43 -> 0.40226849 | GD43: =GA43*GB43*GC43 -> 20.881361 | GE43: =SUM(AI43,BW43) -> -707.78378 | GF43: 0.7 | GG43: =FZ43 -> 0.40226849 | GH43: =GE43*GF43*GG43 -> -199.30338 | GI43: =GD43+GH43 -> -178.42202 | GJ43: =CX43 -> 1.5587592 | GK43: =ED43 -> 1041.957 | GL43: =SUM('주택총조사(주택의종류)'!AD29:AF29) -> 93047 | GM43: =REPS미분양!I28 -> 360 | GN43: =GM43/GL43 -> 0.0038690124 | GO43: =LOOKUP(GN43,$GW$25:$GX$28) -> 1 | GP43: =SUM(GJ43:GK43)*GO43 -> 1043.5158 | GQ43: =SUM(FG43,GI43,GP43) -> 1856.4464 | GR43: =SUM('REPS분양물량+계획'!G28:I28)/3 -> 7305.3333 | GS43: =GR43/GQ43 -> 3.9351168 | GT43: =LOOKUP(GS43,$GW$16:$GX$20) -> C등급
